gene	external_studies_tested	external_animals_total	direction_concordant_studies	all_external_directions_concordant	stouffer_z	meta_p_two_sided	meta_direction_matches_discovery	median_external_log2FC	median_discovery_oriented_external_log2FC	discovery_log2FC	in_multisubtype_33	meta_fdr_bh	externally_meta_replicated	neglog10_fdr	class
Cdkn1a	3	20	3	True	9.1070594339301	8.464502504954883e-20	True	2.71806872479717	2.71806872479717	2.4403165764341286	True	8.379857479905335e-18	True	17.076763367553138	33-gene set
Gdf15	3	20	3	True	8.980349608762149	2.6990774622214996e-19	True	5.18426849956355	5.18426849956355	3.503469478935469	True	1.7813911250661902e-17	True	16.749240715680568	33-gene set
Phlda3	3	20	3	True	8.166445538537499	3.1760868693893287e-16	True	2.11933933052448	2.11933933052448	2.1626425935091365	True	1.2577304002781742e-14	True	13.900412441736151	33-gene set
Kit	3	20	3	True	-8.00291664367277	1.2150619779476994e-15	True	-3.30822908202909	3.30822908202909	-1.2876073407768176	False	4.009704527227408e-14	True	13.396887629106143	Other 198-gene members
Cyp26b1	3	20	3	True	-7.934184358135466	2.1188315988746066e-15	True	-2.80498853221446	2.80498853221446	-1.6042458384948604	True	5.2482533667748383e-14	True	13.2799852069525	33-gene set
Tnfrsf12a	3	20	3	True	7.934086284091388	2.1205064108181167e-15	True	2.42906068674843	2.42906068674843	1.474263196249486	False	5.2482533667748383e-14	True	13.2799852069525	Other 198-gene members
Timp3	3	20	3	True	7.84816928675992	4.221541322025066e-15	True	1.76341961155623	1.76341961155623	2.246976161251243	False	8.35865181760963e-14	True	13.077863765071635	Other 198-gene members
AU020206	3	20	3	True	-7.639703770546263	2.1772207710496228e-14	True	-2.68202366015467	2.68202366015467	-1.1741388328285491	False	3.8517864474552773e-13	True	12.414337799237721	Other 198-gene members
Zmat3	3	20	3	True	7.585133841705561	3.3214402327034513e-14	True	2.53911097653605	2.53911097653605	2.6456334090355784	True	5.058808969809871e-13	True	12.295951720062446	33-gene set
Ackr3	3	20	3	True	7.562046809840841	3.9677553168787664e-14	True	1.59537391996472	1.59537391996472	1.1930854920870542	False	5.611539662442827e-13	True	12.250917963135638	Other 198-gene members
Ecm1	3	20	3	True	7.510769015500595	5.878102879575476e-14	True	2.13738412949065	2.13738412949065	1.2299069280841544	True	7.759095801039628e-13	True	12.110188885893738	33-gene set
Bax	3	20	3	True	7.464395880887093	8.36826544001633e-14	True	1.72760371776574	1.72760371776574	1.431321633156233	True	1.035572848202021e-12	True	11.984819344902501	33-gene set
Sox11	3	20	3	True	-7.396193092029335	1.4014417799748977e-13	True	-1.80692396207035	1.80692396207035	-1.29672944079616	True	1.6322674849119397e-12	True	11.787208670519425	33-gene set
Lmna	3	20	3	True	7.344461059403237	2.0658982708282882e-13	True	1.81000325536863	1.81000325536863	1.45656518023195	True	2.2724880979111164e-12	True	11.643498382704482	33-gene set
Cadm1	3	20	3	True	-7.152192871236973	8.540245686755601e-13	True	-1.40499459855676	1.40499459855676	-1.0865582588036855	False	8.454843229888047e-12	True	11.072894440700864	Other 198-gene members
Stk4	3	20	3	True	-7.12071323583806	1.0736997797072482e-12	True	-1.34578993939148	1.34578993939148	-1.260362113575773	False	9.663298017365231e-12	True	11.014874626555914	Other 198-gene members
S100a6	3	20	3	True	7.108708041115681	1.1713423364747154e-12	True	2.05723293831366	2.05723293831366	1.642662315592485	True	1.0083729679217116e-11	True	10.996378805240527	33-gene set
Ccnd1	3	20	3	True	7.03939953101061	1.930700350505803e-12	True	1.31017895989702	1.31017895989702	1.1608537082829076	True	1.5928277891672874e-11	True	10.797831176023884	33-gene set
Rps27l	3	20	3	True	7.00571245501463	2.457321341707245e-12	True	1.12317924022467	1.12317924022467	1.0907386884763768	True	1.946198502632138e-11	True	10.710812865916996	33-gene set
Abi3bp	3	20	3	True	-6.89232571336732	5.488751967222814e-12	True	-2.23622137811878	2.23622137811878	-1.1299101491565706	True	4.025084775963397e-11	True	10.395224968129561	33-gene set
Hapln1	3	20	3	True	6.862911099829046	6.74712192938219e-12	True	3.150447662711	3.150447662711	3.073438475014981	True	4.6066556621299085e-11	True	10.33661424913777	33-gene set
Tgfb2	3	20	3	True	6.86684283581666	6.563831372309787e-12	True	2.95265975746854	2.95265975746854	1.529180819566117	False	4.6066556621299085e-11	True	10.33661424913777	Other 198-gene members
Wif1	3	20	3	True	-6.853256860057645	7.218729755114628e-12	True	-2.02647210897962	2.02647210897962	-1.8793145953137247	False	4.764361638375655e-11	True	10.32199528086052	Other 198-gene members
Icam1	3	20	3	True	6.793808681604958	1.092111961114917e-11	True	1.64154398369051	1.64154398369051	1.1163001265092496	False	6.975424783895276e-11	True	10.156429339927568	Other 198-gene members
Aen	3	20	3	True	6.744731820931807	1.5330992798260337e-11	True	1.74656455393747	1.74656455393747	1.9735100819608224	False	8.720246094038964e-11	True	10.059471258671213	Other 198-gene members
Fam13c	3	20	3	True	-6.74820565447236	1.4968468797059702e-11	True	-1.53085840030475	1.53085840030475	-1.552220175905208	False	8.720246094038964e-11	True	10.059471258671213	Other 198-gene members
Prdm8	3	20	3	True	-6.743942310314039	1.5414576428856755e-11	True	-2.29980298586562	2.29980298586562	-1.2245262081380075	False	8.720246094038964e-11	True	10.059471258671213	Other 198-gene members
Serpine1	3	20	3	True	6.7028179961452405	2.0443803880805828e-11	True	2.4852459377501	2.4852459377501	2.502890394938672	False	1.1244092134443206e-10	True	9.949075604427426	Other 198-gene members
Hoxa5	3	20	3	True	-6.649505550819553	2.9407925823833985e-11	True	-1.70890947610445	1.70890947610445	-1.1623023182226997	True	1.5169451310153428e-10	True	9.819030127669578	33-gene set
Pls3	3	20	3	True	6.561635007881708	5.322095783445346e-11	True	1.25592647493422	1.25592647493422	1.1421019125607756	False	2.5089880121956626e-10	True	9.600501413715167	Other 198-gene members
Map1b	3	20	3	True	6.502293888724064	7.910436492007654e-11	True	0.999973336040749	0.999973336040749	1.1032210637399071	True	3.5596964214034437e-10	True	9.448587038018994	33-gene set
Ddah1	3	20	3	True	6.440859381990097	1.1879890071694295e-10	True	1.21236471896896	1.21236471896896	1.04188620744289	True	5.113517900424934e-10	True	9.291280219417752	33-gene set
Ntrk2	3	20	3	True	-5.933712426935006	2.9616038216397204e-09	True	-2.25873642651083	2.25873642651083	-3.016850452426767	False	1.0859214012678978e-08	True	7.964201607740678	Other 198-gene members
Odc1	3	20	3	True	5.758622883126323	8.480292148348913e-09	True	1.12364157796248	1.12364157796248	1.0990251574347687	True	2.845928551479805e-08	True	7.545776007304288	33-gene set
Apln	3	20	3	True	5.649425638278697	1.6098480400691242e-08	True	2.03601245655594	2.03601245655594	1.513492100365419	True	5.1411276118336536e-08	True	7.28894161604595	33-gene set
Kif21a	3	20	3	True	5.518422273138094	3.4205670137850175e-08	True	1.2786387126603	1.2786387126603	1.1704466048596596	False	1.05823791988974e-07	True	6.975416680430301	Other 198-gene members
Enho	3	20	3	True	5.505556761767759	3.680033616254738e-08	True	0.946369688901594	0.946369688901594	1.194920986511648	False	1.120994855412982e-07	True	6.950396380510183	Other 198-gene members
Psrc1	3	20	3	True	5.492572668808649	3.961204719420426e-08	True	1.97100059903052	1.97100059903052	2.240619433789911	False	1.170624678276484e-07	True	6.9315823246380965	Other 198-gene members
Tinagl1	3	20	3	True	5.458343743066751	4.8059654724493204e-08	True	1.46719186685867	1.46719186685867	1.9984268997495973	True	1.345254116602546e-07	True	6.871195670297983	33-gene set
Plxna2	3	20	3	True	5.450059882407519	5.0352862972143965e-08	True	1.03563849761495	1.03563849761495	1.1200735308404255	False	1.365735187463631e-07	True	6.8646335010734525	Other 198-gene members
Cxcr4	3	20	3	True	-5.426006967038031	5.7628710438710186e-08	True	-1.19095747711494	1.19095747711494	-1.188522865567052	False	1.521397955581949e-07	True	6.817757171675106	Other 198-gene members
Ephx1	3	20	3	True	5.31242655905363	1.0817502716118852e-07	True	0.925764971451651	0.925764971451651	1.4518739916442231	False	2.711222199736117e-07	True	6.566834888113057	Other 198-gene members
Cd109	3	20	3	True	5.174241153881317	2.288391090753642e-07	True	1.67003656773758	1.67003656773758	1.1391905500767832	False	5.394064713919299e-07	True	6.268083847514299	Other 198-gene members
Slc12a2	3	20	3	True	5.135189080252656	2.8186050121045495e-07	True	1.02053330336562	1.02053330336562	1.232363312194675	False	6.489346423217452e-07	True	6.187799041116956	Other 198-gene members
Gata3	3	20	3	True	-5.089372681714301	3.59249963550292e-07	True	-1.41349323617723	1.41349323617723	-1.5059200737830774	False	8.08312417988157e-07	True	6.09242074914614	Other 198-gene members
Bok	3	20	3	True	5.054138814667027	4.323370849251075e-07	True	1.99564766536236	1.99564766536236	1.067947481926755	False	9.406894814853988e-07	True	6.026553712101768	Other 198-gene members
Hbegf	3	20	3	True	-5.038481003871344	4.692409815110173e-07	True	-0.968521198741916	0.968521198741916	-1.4454197008040022	False	1.0098881993389283e-06	True	5.995726702551723	Other 198-gene members
Tmod2	3	20	3	True	4.980397620508899	6.345376423189015e-07	True	1.19004618125171	1.19004618125171	1.1040095777316787	False	1.2952417853519845e-06	True	5.887649153403023	Other 198-gene members
Tox3	3	20	3	True	-4.846721753732494	1.2551827403615354e-06	True	-1.41462656668302	1.41462656668302	-1.1031031164431853	True	2.460655273184e-06	True	5.608949224753322	33-gene set
Prnp	3	20	3	True	4.825456401942365	1.3968301988822754e-06	True	0.740495458447365	0.740495458447365	1.793042164925908	True	2.711493915477358e-06	True	5.566791365773086	33-gene set
Ly6c1	3	20	3	True	4.673250828435518	2.9646932900106046e-06	True	0.338394457605731	0.338394457605731	1.0484570783033071	False	5.486067957215885e-06	True	5.260738816990135	Other 198-gene members
Zfp36l2	3	20	3	True	-4.628485340925464	3.6834993233595385e-06	True	-0.482163122291793	0.482163122291793	-1.1017047856816735	True	6.75308209282582e-06	True	5.17049797081224	33-gene set
Ass1	3	20	3	True	4.549720231276902	5.3717287106377785e-06	True	0.784897831729998	0.784897831729998	1.325879338703973	False	9.582002564921444e-06	True	5.018543717225413	Other 198-gene members
Creb5	3	20	3	True	4.24299319741553	2.2055812389630086e-05	True	0.89517824439028	0.89517824439028	1.317225845560913	False	3.669790632896434e-05	True	4.435358712197906	Other 198-gene members
Mex3b	3	20	3	True	-4.1575069665828055	3.2173946707524235e-05	True	-1.06274407177725	1.06274407177725	-1.466824017812313	False	5.308701206741499e-05	True	4.2750117176641425	Other 198-gene members
Krt80	3	20	3	True	4.040199176567772	5.340582680089281e-05	True	0.780151017128466	0.780151017128466	1.030921415241857	False	8.597035533802257e-05	True	4.065651278205056	Other 198-gene members
Enpp2	3	20	3	True	-3.973708589887928	7.076213127319157e-05	True	-0.69387843275668	0.69387843275668	-1.259339420084676	False	0.0001120872159367	True	3.950443917866702	Other 198-gene members
Serpine2	3	20	3	True	3.9247428936806794	8.68224173143869e-05	True	0.955621292805404	0.955621292805404	2.028358829521411	True	0.0001353609340806	True	3.8685066573735316	33-gene set
Atp13a3	3	20	3	True	3.8503342391578896	0.000117956740616	True	0.957325020925646	0.957325020925646	1.5354915376621885	False	0.0001810498809456	True	3.7422017564293277	Other 198-gene members
Bhlhe40	3	20	3	True	3.7725893312289855	0.0001615620924637	True	1.23156502551765	1.23156502551765	1.0444174040525644	False	0.0002423431386956	True	3.6155692716656787	Other 198-gene members
Renbp	3	20	3	True	3.735064921936139	0.0001876667670786	True	0.900703346628658	0.900703346628658	1.2173004503603693	False	0.0002793836081321	True	3.5537990782025504	Other 198-gene members
Lgals1	3	20	3	True	3.68432997331684	0.0002293050295329	True	1.06765547227861	1.06765547227861	1.221526733749194	True	0.000336314043315	True	3.4732549976664076	33-gene set
Camk2n1	3	20	3	True	3.2346851687172227	0.0012177692825712	True	0.145353340298562	0.145353340298562	1.2862169688044385	False	0.0017100589925468	True	2.7669889073297003	Other 198-gene members
Gm16104	3	20	3	True	2.946246438659766	0.0032165601753991	True	1.22723224591407	1.22723224591407	1.2575309415466698	False	0.0042743551324096	True	2.369129397558352	Other 198-gene members
Neat1	3	20	3	True	2.3603251726391883	0.0182589223766461	True	0.421240493996077	0.421240493996077	1.0240241891426567	False	0.0227375259784649	True	1.6432567917306586	Other 198-gene members
Lamb1	3	20	3	True	2.2355685601089483	0.0253800459654272	True	0.697171276754023	0.697171276754023	1.382839370598052	False	0.0310200561799665	True	1.508357419977367	Other 198-gene members
Ccng1	3	20	2	False	5.871829156794737	4.310127983240969e-09	True	1.83917463628632	1.83917463628632	1.7045829591900976	True	1.5239381083601997e-08	False	7.817032670623358	33-gene set
Sparcl1	3	20	2	False	-5.779568431242634	7.48924878346606e-09	True	-1.79491587354813	1.79491587354813	-1.844907626643087	True	2.5566745847004828e-08	False	7.592324545756443	33-gene set
Cdk19	3	20	2	False	-5.113734555936175	3.158511243212192e-07	True	-1.54930981360324	1.54930981360324	-1.3367010452736416	False	7.188335932827746e-07	False	6.14337163518517	Other 198-gene members
Myo5a	3	20	2	False	5.030035967529697	4.903878355097682e-07	True	1.66076740821953	1.66076740821953	1.1297006933749316	False	1.0440515207627322e-06	False	5.981278069694987	Other 198-gene members
Wfdc1	3	20	2	False	-4.791673458486192	1.6539593823394944e-06	True	-2.60412552405801	2.60412552405801	-1.028960462275884	False	3.179455900031261e-06	False	5.497647194428096	Other 198-gene members
Sulf2	3	20	2	False	4.566702550654873	4.954562774585031e-06	True	1.76330018487394	1.76330018487394	2.0399897334802364	False	8.918212994253057e-06	False	5.049722159579577	Other 198-gene members
Bcl2l11	3	20	2	False	-4.385143101357406	1.159095544849863e-05	True	-1.07650374704113	1.07650374704113	-1.110398141115143	False	1.9615463066689988e-05	False	4.707401434924993	Other 198-gene members
Exoc4	3	20	2	False	4.077663643400007	4.549051132510234e-05	True	0.813205520275783	0.813205520275783	1.2784447361818845	False	7.382886264237921e-05	False	4.131773821973625	Other 198-gene members
Lmo7	3	20	2	False	3.824370422181688	0.0001311066762287	True	0.843665524039728	0.843665524039728	1.3641779736605175	False	0.0001981612358266	False	3.7029812979492713	Other 198-gene members
Spry4	3	20	2	False	3.110913935094893	0.0018650928982845	True	0.457786810863831	0.457786810863831	1.0313174211684597	False	0.0025444450267057	False	2.594406927717105	Other 198-gene members
Trp53inp1	3	20	2	False	3.034375127443287	0.0024103451543464	True	0.707988211603202	0.707988211603202	1.354133993619295	False	0.0032246509497337	False	2.4915172884112495	Other 198-gene members
Dcxr	3	20	2	False	2.4608385913662425	0.0138612710305042	True	0.588545746022976	0.588545746022976	2.3751680302137603	True	0.0174810934015276	False	1.75743140674744	33-gene set
Apold1	3	20	2	False	1.7382682964753913	0.0821635499073382	True	0.309093499810021	0.309093499810021	1.6151713724643582	False	0.0951367419979705	False	1.0216517252782222	Other 198-gene members
Shroom3	3	20	3	True	1.5224861707252002	0.1278873079545047	True	0.344747251397959	0.344747251397959	1.169095023736599	False	0.1414619384077761	False	0.8493603952141748	Other 198-gene members
Sdc4	3	20	3	True	1.4787096587027362	0.1392179297542369	True	0.0688979110750482	0.0688979110750482	1.281594891870274	False	0.1522936469134746	False	0.8173182133282372	Other 198-gene members
Meg3	3	20	1	False	-1.1442108364418029	0.2525362101252059	False	-0.300839818526868	-0.300839818526868	1.356355205534261	True	0.2673912813090415	False	0.5728527576615585	33-gene set
Fn1	3	20	2	False	0.9252959690339612	0.3548119749634866	True	0.779511445183056	0.779511445183056	1.064261051192921	False	0.3717077832950812	False	0.4297983449932851	Other 198-gene members
Gas6	3	20	1	False	-0.2995730327154737	0.7645028567111474	False	-0.0767093968164125	-0.0767093968164125	1.1907398336094226	False	0.7683835818721177	False	0.11442192332429352	Other 198-gene members
