evidence_unit	pathway	pval	padj	log2err	ES	NES	size	leadingEdge	collection	direction	study	contrast	compartment	frozen_direction_sign	direction_concordant	externally_fdr05_and_concordant	signed_NES	pathway_label	locked_direction_NES
GSE209664__hyperoxia_vs_room_air_sex_adjusted__capillaries	GOBP_ELECTRON_TRANSPORT_CHAIN	1e-06	9e-06		0.561443175038124	2.23496912972613	84	Ndufa12;Plec;Sdhb;Ndufs3;Ndufa11;mt-Co2;Ndufa7;Cox5a;Pink1;Cox5b;Cox8a;Cyc1;Sdhd;Iscu;Uqcrc1;Ndufv1;Uqcrfs1;Ndufv2;Uqcrq;mt-Nd2;Cycs;Cox6a1;Ndufb9;Park7;Dnajc15;Sod2;mt-Cytb;Mybbp1a;Ndufb6;Ndufs4;Uqcrb;Coq7;Sdhaf2;Cox7b;Uqcrc2;Chchd2;Ndufs8;mt-Co1;Cox7a2;Ndufs7;Ndufa10;Sdha;Por;Ndufb8	GO_BP	up	GSE209664	hyperoxia_vs_room_air_sex_adjusted	capillaries	1	True	True	2.23496912972613	Electron transport chain	2.23496912972613
GSE209664__hyperoxia_vs_room_air_sex_adjusted__capillaries	GOBP_INTRINSIC_APOPTOTIC_SIGNALING_PATHWAY_IN_RESPONSE_TO_DNA_DAMAGE	0.0007759228964572	0.0023199272082454	0.477270815362862	0.430519063836136	1.7091787176569	81	Cdkn1a;Bax;Rps27l;Ackr3;Aen;Phlda3;Epha2;Mcl1;Pmaip1;Bbc3;Mif;Bcl2;Sfn;Skil;Ei24;Ercc6;Bok;Crip1	GO_BP	up	GSE209664	hyperoxia_vs_room_air_sex_adjusted	capillaries	1	True	True	1.7091787176569	DNA-damage apoptosis	1.7091787176569
GSE209664__hyperoxia_vs_room_air_sex_adjusted__capillaries	HALLMARK_APOPTOSIS	0.0001234690743602	0.0005559411313334	0.518848077743792	0.42500974294106	1.77993216489048	115	Plat;Cdkn1a;Bax;Tnfrsf12a;Lmna;Tgfb2;Timp3;Sat1;Sqstm1;Igf2r;Ccnd1;Emp1;Slc20a1;Ddit3;Rela;Mcl1;Bcl10;Gpx1;Pmaip1;Tspo;Vdac2;Mgmt;Timp1	Hallmark	up	GSE209664	hyperoxia_vs_room_air_sex_adjusted	capillaries	1	True	True	1.77993216489048	Apoptosis	1.77993216489048
GSE209664__hyperoxia_vs_room_air_sex_adjusted__capillaries	HALLMARK_OXIDATIVE_PHOSPHORYLATION	1e-06	9e-06		0.534434923639708	2.36942584377612	164	Bax;Atp6v0e;Mgst3;Sdhb;Slc25a3;Ndufs3;Timm17a;Timm13;Timm50;Vdac2;Mdh2;Ndufab1;Ndufa7;Ndufa9;Cox5a;Hspa9;Cox5b;Atp6v1g1;Cox8a;Atp6v1d;Cyc1;Mrpl35;Grpel1;Sdhd;Gpx4;Iscu;Cyb5r3;Timm10;Uqcrc1;Ndufv1;Uqcrfs1;Ndufv2;Slc25a4;Uqcrq;Atp6v1f;Atp6v1e1;Phb2;Gpi1;Mrps15;Timm9;Timm8b;Mrpl11;Cox6a1;Mrps11;Vdac1;Eci1;Prdx3;Tomm22;Mrpl15;Idh3a;Dlat;Mrps30;Ndufb6;Ndufs4;Uqcrb;Cox6c;Mrps22;Cox10;Dlst;Cox7b;Cox17;Uqcrc2;Ndufs8;Atp6v1h;Cox7a2;Hccs;Atp6v0b;Ndufs7;Glud1	Hallmark	up	GSE209664	hyperoxia_vs_room_air_sex_adjusted	capillaries	1	True	True	2.36942584377612	Oxidative phosphorylation	2.36942584377612
GSE209664__hyperoxia_vs_room_air_sex_adjusted__capillaries	HALLMARK_P53_PATHWAY	1e-06	9e-06		0.46200703466769	2.01445269758949	138	Cdkn1a;Bax;Zmat3;Rps27l;Aen;Ccng1;Phlda3;Sat1;Cdh13;Mdm2;Epha2;Plk3;Ddit3;Ephx1;Zfp365;Cd81;Rhbdf2;Def6;Plk2;Ak1;Sfn;Pmm1;Tprkb;Ercc5;Hras;Hint1;Plxnb2;Iscu;Ei24;Tax1bp3;S100a10;Ccnd3;Fuca1;Prmt2;Tgfb1;Cd82;Slc3a2;Rchy1;Ccnd2;Tob1;Dcxr	Hallmark	up	GSE209664	hyperoxia_vs_room_air_sex_adjusted	capillaries	1	True	True	2.01445269758949	p53 pathway	2.01445269758949
GSE209664__hyperoxia_vs_room_air_sex_adjusted__capillaries	HALLMARK_REACTIVE_OXYGEN_SPECIES_PATHWAY	0.0001475390530279	0.0006128545279621	0.518848077743792	0.59092973315052	2.00971765646264	39	Ftl1;Stk25;Srxn1;Gclc;Lamtor5;Gpx4;Egln2;Gsr;Txnrd1;Pfkp;Glrx2;Gclm;Prnp;Abcc1;Sod2;Atox1;Sbno2;Prdx1;Junb;Prdx6	Hallmark	up	GSE209664	hyperoxia_vs_room_air_sex_adjusted	capillaries	1	True	True	2.00971765646264	Reactive oxygen species	2.00971765646264
GSE209664__hyperoxia_vs_room_air_sex_adjusted__capillaries	REACTOME_MITOCHONDRIAL_TRANSLATION	1e-06	9e-06		0.588366247169025	2.41862918732255	102	Aurkaip1;Mrps18b;Mrpl38;mt-Co2;Mrpl33;Ndufab1;mt-Atp6;Mrps24;Mrpl2;Chchd1;Mrps10;Mrps7;Mrpl35;Mrpl20;Mrpl18;Mrpl57;Gadd45gip1;Mrpl42;Mrpl54;Mrpl45;Mrpl12;mt-Nd2;Mrps15;Mrpl48;Mrpl11;Mrpl22;Mrpl51;Mrps11;Mrpl39;Mrpl15;mt-Cytb;Mrps14;Mrpl3;Mrpl58;Mrps30;Mrpl4;Mrpl37;Mrpl44;Mrps22;Mrpl1;Mrps23;Mrpl47;Mrps25;Mrps5;Mrpl13;Mrps35;mt-Co1;Mrpl27;Mrpl40;Mrps34;Mrpl16;Mrps18a;Mrpl50;Mrpl55;mt-Co3;Mrps28;Mrps31;Oxa1l;Dap3;Mrpl43;Mrpl30;Mrps21;Mrps18c;Mrps17;Mrpl32;Mrpl46;Mrpl28;Mief1;Mrpl9;Mrpl34;Malsu1	Reactome	up	GSE209664	hyperoxia_vs_room_air_sex_adjusted	capillaries	1	True	True	2.41862918732255	Mitochondrial translation	2.41862918732255
GSE230672__P14_hyperoxia_vs_room_air_males__sorted_endothelium	GOBP_ELECTRON_TRANSPORT_CHAIN	0.152129817444219	0.209178498985801	0.160801401070022	0.309228383371298	1.19793772389492	86	Plec;Bid;Mybbp1a;Fdx2;Sco2;Coq7;Ndufa10;Ndufa12;Gba1;Aifm2;Cox6a2;Ndufs1;Cox8a;Cox6a1;Dld;Cyc1;Cox7b;Coq9;Ndufb6;Cdk1;Mtch2;Aifm1;Sdhc;Ndufb3;Ndufs3;Ndufs2;Ccnb1;Ndufv1;Uqcrq;Ndufv2;Cox5b;Ndufs6;Bdnf;Cox5a;Cycs;Sod2	GO_BP	up	GSE230672	P14_hyperoxia_vs_room_air_males	sorted_endothelium	1	True	False	1.19793772389492	Electron transport chain	1.19793772389492
GSE230672__P14_hyperoxia_vs_room_air_males__sorted_endothelium	GOBP_INTRINSIC_APOPTOTIC_SIGNALING_PATHWAY_IN_RESPONSE_TO_DNA_DAMAGE	6.74882108447018e-05	0.0004157273788033	0.538434096309916	0.464058108061329	1.86011162373922	113	Cdkn1a;Phlda3;Aen;Bax;Ackr3;Epha2;Pmaip1;Bcl2;Bok;Skil;Bcl2l1;Ercc6;Ddias;Rps27l;Sfn;Myc;Bid;Mif;Clu;Ifi204;Hmox1;E2f1	GO_BP	up	GSE230672	P14_hyperoxia_vs_room_air_males	sorted_endothelium	1	True	True	1.86011162373922	DNA-damage apoptosis	1.86011162373922
GSE230672__P14_hyperoxia_vs_room_air_males__sorted_endothelium	HALLMARK_APOPTOSIS	6.74412334213559e-05	0.0004157273788033	0.538434096309916	0.422971361063272	1.77096305763594	158	Tgfb2;Cdkn1a;Plat;Timp3;Igf2r;Slc20a1;Bax;Lmna;Ccnd1;Tnfrsf12a;Pmaip1;H1f0;Rela;Sqstm1;Hspb1;Ddit3;Bcl2l1;Sat1;Emp1;Mgmt;Timp1;Gsr;Bid;Clu;Hmox1;Cd14;Etf1;Gadd45b;Ccnd2;Ank	Hallmark	up	GSE230672	P14_hyperoxia_vs_room_air_males	sorted_endothelium	1	True	True	1.77096305763594	Apoptosis	1.77096305763594
GSE230672__P14_hyperoxia_vs_room_air_males__sorted_endothelium	HALLMARK_OXIDATIVE_PHOSPHORYLATION	0.004472334389751	0.0114789916003611	0.407017918923954	0.337429003314285	1.45112201468485	193	Bax;Hspa9;Timm50;Timm17a;Slc25a3;Mgst3;Gpi1;Cox10;Grpel1;Pmpca;Lrpprc;Timm9;Idh3a;Mrps22;Ndufs1;Mrps30;Got2;Mtrr;Vdac1;Atp6v1h;Atp6v1d;Dlst;Prdx3;Cox8a;Mfn2;Atp6v0c;Slc25a20;Mrps15;Atp5pb;Abcb7;Ndufab1;Atp5mc1;Cox6a1;Mtrf1;Dld;Atp6v0e;Afg3l2;Cyc1;Slc25a5;Atp5f1b;Atp5f1a;Atp6v1g1;Cox7b;Atp5mf;Timm10;Mrpl35;Atp6ap1;Cs;Atp6v1c1;Vdac2;Glud1;Atp6v0b;Ndufb6;Ldhb;Ndufa2;Cox17;Aifm1;Ndufa9;Ldha;Rhot1;Sdhc;Ndufb3;Ndufs3;Timm8b;Ndufs2;Mdh2;Mrpl11;Slc25a4;Phb2;Aco2;Oxa1l;Ndufv1;Uqcrq;Ndufv2;Cox5b;Alas1;Tomm70a;Ndufs6;Atp5f1e;AK157302;Cox6c;Cox5a	Hallmark	up	GSE230672	P14_hyperoxia_vs_room_air_males	sorted_endothelium	1	True	True	1.45112201468485	Oxidative phosphorylation	1.45112201468485
GSE230672__P14_hyperoxia_vs_room_air_males__sorted_endothelium	HALLMARK_P53_PATHWAY	1e-06	1.71111111111111e-05		0.471421571724098	2.03014453982819	198	Cdkn1a;Zmat3;Cdh13;Phlda3;Aen;Bax;Slc19a2;Epha2;Mdm2;Cd81;Ccng1;Slc7a11;Def6;H1f2;Ephx1;Ddit3;Plk3;Itgb4;Procr;Ercc5;Zfp365;Sat1;Rps27l;Pidd1;Sfn;Rgs16;Hspa4l;Osgin1;Ptpre;Plk2;Ctsd;Cd82;Lif;Hmox1;Slc3a2;Plxnb2;Rhbdf2;Trib3;Cyfip2;Sphk1;Ccnd2;Ak1;Pmm1;Rnf19b;Pvt1;Ei24;Irak1;Atf3;Ptpn14;Pdgfa;Cgrrf1;Tnfsf9;S100a10	Hallmark	up	GSE230672	P14_hyperoxia_vs_room_air_males	sorted_endothelium	1	True	True	2.03014453982819	p53 pathway	2.03014453982819
GSE230672__P14_hyperoxia_vs_room_air_males__sorted_endothelium	HALLMARK_REACTIVE_OXYGEN_SPECIES_PATHWAY	0.0096165337258959	0.0193965311353786	0.380730400722792	0.468801919943568	1.61815023619742	48	Srxn1;Txnrd1;Abcc1;Ftl1;Pfkp;Gsr;Sbno2;Gclc;Nqo1;Stk25;Pdlim1;Prnp;Prdx1	Hallmark	up	GSE230672	P14_hyperoxia_vs_room_air_males	sorted_endothelium	1	True	True	1.61815023619742	Reactive oxygen species	1.61815023619742
GSE230672__P14_hyperoxia_vs_room_air_males__sorted_endothelium	REACTOME_MITOCHONDRIAL_TRANSLATION	0.0204838294475817	0.0358467015332679	0.352487857583619	0.365382915208922	1.42820675937796	92	Mrps18b;Mrpl2;Mrps7;Mrps27;Mrpl51;Mrpl37;Mrpl45;Mrpl1;Mrps22;Mrpl46;Mief1;Mrps30;Mrps2;Mrpl53;Mrps15;Mrps35;Ndufab1;Mrpl38;Mtrf1;Mrps10;Mrps28;Mrps16;Mrpl35;Mrpl12;Mrpl47;Mrpl33;Mrps31;Mrpl22;Chchd1;Mrpl30;Mrpl10;Mrpl9;Mrpl54;Mrpl3;Mrpl11;Mrpl21;Aurkaip1;Oxa1l;Dap3;Mrpl52;Mrpl48;Mrpl23;Malsu1;Mrps21;Mrps26;Mrpl42;Mrpl50;Gfm1;Mrpl19;Mrpl49;Mrpl16;Mrpl39;Mrpl20;Mrpl18;Mrpl17;Eral1;Mrpl55;Mrps34	Reactome	up	GSE230672	P14_hyperoxia_vs_room_air_males	sorted_endothelium	1	True	True	1.42820675937796	Mitochondrial translation	1.42820675937796
GSE243129__P14_hyperoxia_vs_normoxia__gCap	GOBP_ELECTRON_TRANSPORT_CHAIN	0.0016034205327462	0.0066603622129459	0.45505986738723	0.391097951292356	1.67582905842867	84	Dld;Coq7;Ccnb1;Ndufv2;Cox7b;Sdhb;Cox5b;Sod2;Sdhc;Cox5a;Uqcrq;Ndufv3;Ndufc2;Ndufs2;Ndufb6;Ndufv1;Cox6a1;Cycs;Park7;Cox4i2;Aifm1;Chchd2;Mybbp1a;Uqcr10;Fdx2;Cdk1;Ndufb9;Ndufa12;Ndufs6;Ndufa10;Dnajc15;Cox8a;Cyc1;Vps54;Ndufs8;Ndufa8;Sdha;Sco2;Cox4i1;mt-Cytb	GO_BP	up	GSE243129	P14_hyperoxia_vs_normoxia	gCap	1	True	True	1.67582905842867	Electron transport chain	1.67582905842867
GSE243129__P14_hyperoxia_vs_normoxia__gCap	GOBP_INTRINSIC_APOPTOTIC_SIGNALING_PATHWAY_IN_RESPONSE_TO_DNA_DAMAGE	0.0550609727516318	0.10573919530048	0.321775918075361	0.330479931663707	1.37670761283314	75	Cdkn1a;Phlda3;Ackr3;E2f1;Crip1;Bok;Bak1;Ier3;Rps27l;Cdkn2d;Sod2;Mif;Brca2;Trp53;Ppp2r5c;Ep300;Atad5;Brca1;Bax	GO_BP	up	GSE243129	P14_hyperoxia_vs_normoxia	gCap	1	True	False	1.37670761283314	DNA-damage apoptosis	1.37670761283314
GSE243129__P14_hyperoxia_vs_normoxia__gCap	HALLMARK_APOPTOSIS	0.0577777777777778	0.10573919530048	0.282013350011725	0.294578488191978	1.28970508675181	100	Cdkn1a;Timp3;Ccnd1;Tnfrsf12a;Bcap31;Ier3;Plat;Hmgb2;Lmna;Sod2;Bgn;Igf2r;Wee1;Irf1;Gch1;Dap3;Bmp2;Emp1;Ifitm3;Gsr;Brca1;Top2a;Bax;Dap;Tspo	Hallmark	up	GSE243129	P14_hyperoxia_vs_normoxia	gCap	1	True	False	1.28970508675181	Apoptosis	1.28970508675181
GSE243129__P14_hyperoxia_vs_normoxia__gCap	HALLMARK_OXIDATIVE_PHOSPHORYLATION	1e-06	3.27879820665425e-05		0.423370968702447	1.99401251258478	159	Ldha;Phb2;Dld;Vdac1;Ndufv2;Tomm22;Mdh2;Ndufa3;Atp6v0e;Slc25a3;Cox7b;Slc25a5;Sdhb;Slc25a4;Cox5b;Timm10;Mrps12;Sdhc;Mrpl35;Cox5a;Gpi1;Uqcrq;Cs;Timm50;Fh1;Ndufc2;Sucla2;Ogdh;Ndufab1;Acat1;Grpel1;Timm13;Ndufs2;Ndufb6;Ndufv1;Idh2;Cox6a1;Timm8b;Nqo2;Opa1;Idh1;Idh3a;Mrpl15;Bax;Ndufa4;Aifm1;Mrps15;Uqcr10;Prdx3;Hsd17b10;Cox6c;Atp6v1g1;Ndufb5;Slc25a11;Dlat;Ndufc1;Ndufs6;Acadsb;Hccs;Slc25a20;Oxa1l;Hadhb;Mtx2;Cox8a;Cyc1;Abcb7;Vdac2;Rhot1;Atp6v1e1;Ndufs8;Ndufa8;Sdha	Hallmark	up	GSE243129	P14_hyperoxia_vs_normoxia	gCap	1	True	True	1.99401251258478	Oxidative phosphorylation	1.99401251258478
GSE243129__P14_hyperoxia_vs_normoxia__gCap	HALLMARK_P53_PATHWAY	0.303473491773309	0.409689213893967	0.102449405629826	-0.24317611795366	-1.07014048891145	115	Mxd4;Jun;Hbegf;Btg2;Tcn2;Pitpnc1;Sp1;Hexim1;Txnip;Abcc5;Slc3a2;Fas;Zfp36l1;Acvr1b;Wwp1;Rchy1;Ctsd;Tax1bp3;Ip6k2;Rap2b;Klk8;Cdkn2aip;Sesn1;Klf4;Tgfb1;Fos;Plk2;Notch1	Hallmark	up	GSE243129	P14_hyperoxia_vs_normoxia	gCap	1	False	False	-1.07014048891145	p53 pathway	-1.07014048891145
GSE243129__P14_hyperoxia_vs_normoxia__gCap	HALLMARK_REACTIVE_OXYGEN_SPECIES_PATHWAY	0.0001074422671601	0.0007567672730409	0.538434096309916	0.566191985886012	2.00564928651461	35	Prnp;Txnrd1;Prdx4;Prdx1;Cdkn2d;Sod2;Prdx2;Txn1;Ndufs2;Atox1;Gsr	Hallmark	up	GSE243129	P14_hyperoxia_vs_normoxia	gCap	1	True	True	2.00564928651461	Reactive oxygen species	2.00564928651461
GSE243129__P14_hyperoxia_vs_normoxia__gCap	REACTOME_MITOCHONDRIAL_TRANSLATION	0.006505100757065	0.0195153022711952	0.407017918923954	0.355796799051024	1.55082680123304	95	Mrpl12;Mrpl20;Mrps12;Mrpl17;Mrpl32;Mrpl49;Mrpl35;Mrpl13;Mrpl46;Mrpl54;Mrps7;Ndufab1;Dap3;Mrps31;Mrps25;Mrpl51;Mrps18b;Malsu1;Mrpl33;Mrps18c;Mrpl1;Mrpl15;Mrps15;Mrps18a;Gfm1;Mrps28;Mrpl43;Mrpl2;Mrpl40;Mrpl18;Oxa1l;Mrps16;Aurkaip1	Reactome	up	GSE243129	P14_hyperoxia_vs_normoxia	gCap	1	True	True	1.55082680123304	Mitochondrial translation	1.55082680123304
