gene	log2FC	p_value	fdr_bh	study	n_animals	signed_z	bulk_log2FC_hyperoxia_vs_air	concordant_endothelial_subtypes	discovery_direction	in_multisubtype_33	discovery_oriented_effect	direction_concordant
Serpine2	0.931316366333755	0.0106499936661019	0.310786046347322	GSE243129	4	2.5539781593535755	2.028358829521411	4	1.0	True	0.931316366333755	True
Phlda3	1.10005228512982	5.62826267792699e-05	0.0353301398100781	GSE243129	4	4.027877612539013	2.1626425935091365	5	1.0	True	1.10005228512982	True
Prnp	1.50514525966186	4.40646923979925e-05	0.0338074112231265	GSE243129	4	4.085063878390687	1.793042164925908	3	1.0	True	1.50514525966186	True
Zmat3	0.640325420070246	0.245655402491492	0.708516390804738	GSE243129	4	1.1609667967463584	2.6456334090355784	3	1.0	True	0.640325420070246	True
Lmna	0.417828154601655	0.0722012449047331	0.508674470993547	GSE243129	4	1.7978470758955436	1.45656518023195	3	1.0	True	0.417828154601655	True
S100a6	0.589513065769648	0.198669715348574	0.667873697525829	GSE243129	4	1.2853508296619356	1.642662315592485	4	1.0	True	0.589513065769648	True
Ecm1	0.165041851371157	0.533504594249462	0.87655736539572	GSE243129	4	0.6226651414556497	1.2299069280841544	3	1.0	True	0.165041851371157	True
Ddah1	0.344724624359615	0.0533928320009333	0.474488423380238	GSE243129	4	1.931730064200907	1.04188620744289	3	1.0	True	0.344724624359615	True
Tinagl1	1.64625598498046	3.48505838585565e-05	0.0336295619120208	GSE243129	4	4.139208679000397	1.9984268997495973	3	1.0	True	1.64625598498046	True
Sparcl1	0.106027973411871	0.547393853330707	0.883074189575881	GSE243129	4	0.6016699548268551	-1.844907626643087	3	-1.0	True	-0.106027973411871	False
Hoxa5	-0.343729699193519	0.109358307173078	0.56067717934898	GSE243129	4	-1.6010840375877875	-1.1623023182226997	4	-1.0	True	0.343729699193519	True
Cyp26b1	-2.04930840786831	0.0022598188147917	0.185762487096866	GSE243129	4	-3.0537744910547744	-1.6042458384948604	3	-1.0	True	2.04930840786831	True
Bax	0.230498685749203	0.208782030965118	0.677037602298144	GSE243129	4	1.2569215867347248	1.431321633156233	4	1.0	True	0.230498685749203	True
Ccnd1	0.630558828815362	0.0013680918625795	0.154493619850153	GSE243129	4	3.20129963376104	1.1608537082829076	5	1.0	True	0.630558828815362	True
Gdf15	2.48099111619686	0.0026286859886991	0.206262235817815	GSE243129	4	3.008120831392875	3.503469478935469	3	1.0	True	2.48099111619686	True
Tox3	-0.0531890863978897	0.814718632738885	0.963200923905301	GSE243129	4	-0.2343430943372774	-1.1031031164431853	3	-1.0	True	0.0531890863978897	True
Rps27l	0.278756844560447	0.0602339387580914	0.484437349528966	GSE243129	4	1.8790773030472745	1.0907386884763768	4	1.0	True	0.278756844560447	True
Ccng1	-0.224820632998106	0.590127288657727	0.901909899995929	GSE243129	4	-0.538651581610791	1.7045829591900976	3	1.0	True	-0.224820632998106	False
Dcxr	-0.197970890258883	0.717240253471018	0.936190578651445	GSE243129	4	-0.3621495821856377	2.3751680302137603	3	1.0	True	-0.197970890258883	False
Odc1	0.653363241184796	0.0147360672578523	0.327580624398112	GSE243129	4	2.438801328982147	1.0990251574347687	3	1.0	True	0.653363241184796	True
Sox11	-0.597822138079606	0.0116633635490668	0.315664126112426	GSE243129	4	-2.5221690697659027	-1.29672944079616	3	-1.0	True	0.597822138079606	True
Meg3	0.0495041772006646	0.907001485383541	0.982838580051338	GSE243129	4	0.1168215258526258	1.356355205534261	3	1.0	True	0.0495041772006646	True
Hapln1	2.22590755589328	0.0146673870967393	0.327580624398112	GSE243129	4	2.440489136396204	3.073438475014981	3	1.0	True	2.22590755589328	True
Map1b	0.898501114591607	0.0049759218782222	0.27708661749294	GSE243129	4	2.808588402960651	1.1032210637399071	3	1.0	True	0.898501114591607	True
Lgals1	0.446999500247478	0.107777346395633	0.56067717934898	GSE243129	4	1.608264114997413	1.221526733749194	3	1.0	True	0.446999500247478	True
Abi3bp	-1.05166570161613	0.0002174729096253	0.0628785705780672	GSE243129	4	-3.6978037555922554	-1.1299101491565706	3	-1.0	True	1.05166570161613	True
Cdkn1a	1.00125590268056	5.40184313780873e-05	0.0353301398100781	GSE243129	4	4.03752351576232	2.4403165764341286	3	1.0	True	1.00125590268056	True
Zfp36l2	-0.482163122291793	0.0264491756785827	0.400792124001146	GSE243129	4	-2.219552264705444	-1.1017047856816735	3	-1.0	True	0.482163122291793	True
Apln	0.456059858031684	0.184587675505609	0.648310223482313	GSE243129	4	1.3267612410036598	1.513492100365419	3	1.0	True	0.456059858031684	True
Serpine2	0.955621292805404	0.0767475303238669	0.164947582361456	GSE209664	12	1.7698776167004835	2.028358829521411	4	1.0	True	0.955621292805404	True
Phlda3	2.23484956921375	1.70353928095186e-08	2.29050668858299e-06	GSE209664	12	5.6396926831385485	2.1626425935091365	5	1.0	True	2.23484956921375	True
Prnp	0.740495458447365	0.0044101021278257	0.0197460275643763	GSE209664	12	2.847233359867724	1.793042164925908	3	1.0	True	0.740495458447365	True
Apln	2.03601245655594	0.0001716328535908	0.0017204053257801	GSE209664	12	3.757480329887537	1.513492100365419	3	1.0	True	2.03601245655594	True
Zmat3	2.64705360257201	4.20128483534951e-10	1.7729422005175e-07	GSE209664	12	6.24635990910171	2.6456334090355784	3	1.0	True	2.64705360257201	True
Lmna	1.97520398740262	1.73161977320236e-09	4.42874875328118e-07	GSE209664	12	6.02116886959654	1.45656518023195	3	1.0	True	1.97520398740262	True
S100a6	3.75191917743595	5.5628680958486494e-11	4.26823697536024e-08	GSE209664	12	6.555035394173568	1.642662315592485	4	1.0	True	3.75191917743595	True
Ecm1	2.56217613983101	3.0414093315886594e-11	2.56694947586083e-08	GSE209664	12	6.644551897519446	1.2299069280841544	3	1.0	True	2.56217613983101	True
Ddah1	1.22401224101259	6.95638377051042e-07	3.07392036770199e-05	GSE209664	12	4.962577380414894	1.04188620744289	3	1.0	True	1.22401224101259	True
Tinagl1	1.16489911574102	0.0060402393378171	0.0249777658065541	GSE209664	12	2.745588935711495	1.9984268997495973	3	1.0	True	1.16489911574102	True
Sparcl1	-1.79491587354813	1.60590407670074e-07	1.10272987656672e-05	GSE209664	12	-5.239984129468056	-1.844907626643087	3	-1.0	True	1.79491587354813	True
Hoxa5	-1.70890947610445	1.34086886786258e-07	1.0049915654068e-05	GSE209664	12	-5.273170497100565	-1.1623023182226997	4	-1.0	True	1.70890947610445	True
Cyp26b1	-4.45848056265638	1.24862099673748e-08	1.95154837267857e-06	GSE209664	12	-5.692951177678328	-1.6042458384948604	3	-1.0	True	4.45848056265638	True
Bax	2.03364508534432	9.14619144375196e-11	5.17865311356918e-08	GSE209664	12	6.480429448565012	1.431321633156233	4	1.0	True	2.03364508534432	True
Ccnd1	1.31017895989702	7.76816468405206e-07	3.29463869012057e-05	GSE209664	12	4.94110352306989	1.1608537082829076	5	1.0	True	1.31017895989702	True
Ctgf	2.41602196179666	9.27423835831014e-07	3.74519482029366e-05	GSE209664	12	4.906444144827417	1.824774847035938	3	1.0	True	2.41602196179666	True
Col18a1	2.5225343836476	7.01066376762025e-07	3.08177094784973e-05	GSE209664	12	4.96106801172847	2.06942409750946	4	1.0	True	2.5225343836476	True
Palld	0.369540895211286	0.340428015127256	0.488745891715436	GSE209664	12	0.9533198933404372	1.7735805822105224	4	1.0	True	0.369540895211286	True
Gdf15	5.88073698523469	3.37232908636896e-12	5.6924914977908e-09	GSE209664	12	6.961264090552842	3.503469478935469	3	1.0	True	5.88073698523469	True
Tox3	-1.64655000639695	0.000119416102818	0.0012999519331048	GSE209664	12	-3.8473217436838807	-1.1031031164431853	3	-1.0	True	1.64655000639695	True
Rps27l	1.33615096901253	4.75735129489282e-10	1.91200213947121e-07	GSE209664	12	6.226906402614091	1.0907386884763768	4	1.0	True	1.33615096901253	True
Ccng1	1.91929077073131	1.59750699213039e-08	2.26325149277461e-06	GSE209664	12	5.650748478588684	1.7045829591900976	3	1.0	True	1.91929077073131	True
Dcxr	1.18897817998997	0.0059661777423593	0.0247793663477584	GSE209664	12	2.749634470538488	2.3751680302137603	3	1.0	True	1.18897817998997	True
Hapln1	3.52432273064765	4.92996923524324e-06	0.0001219877500529	GSE209664	12	4.567746000587033	3.073438475014981	3	1.0	True	3.52432273064765	True
Map1b	0.999973336040749	3.15140966194837e-06	8.60773383393017e-05	GSE209664	12	4.660696607816828	1.1032210637399071	3	1.0	True	0.999973336040749	True
Odc1	1.12364157796248	0.0001547060445022	0.0015750530948116	GSE209664	12	3.7833910764235976	1.0990251574347687	3	1.0	True	1.12364157796248	True
Sox11	-2.16387089329922	1.42410891211605e-08	2.10868056460693e-06	GSE209664	12	-5.670464483582953	-1.29672944079616	3	-1.0	True	2.16387089329922	True
Meg3	-0.300839818526868	0.682950361687641	0.785643034858328	GSE209664	12	-0.4084404226294428	1.356355205534261	3	1.0	True	-0.300839818526868	False
Lgals1	1.06765547227861	0.0079336946553394	0.0304748962208439	GSE209664	12	2.654878635912668	1.221526733749194	3	1.0	True	1.06765547227861	True
Abi3bp	-2.4297737675462	1.99740709129916e-05	0.0003398813679549	GSE209664	12	-4.26518044175504	-1.1299101491565706	3	-1.0	True	2.4297737675462	True
Cdkn1a	3.11726905847689	6.12821618610743e-11	4.31017871756222e-08	GSE209664	12	6.54057644678588	2.4403165764341286	3	1.0	True	3.11726905847689	True
Zfp36l2	-0.774989160917498	0.0004282491079783	0.0033538743546512	GSE209664	12	-3.5220340665008467	-1.1017047856816735	3	-1.0	True	0.774989160917498	True
Synpo	0.982143203208713	0.011807023265305	0.0413319271502173	GSE209664	12	2.5178600259958763	1.6401090467163126	3	1.0	True	0.982143203208713	True
Tox3	-1.41462656668302	8.16517784144024e-05	0.0084097927220356	GSE230672	4	-3.939499481910609	-1.1031031164431853	3	-1.0	True	1.41462656668302	True
Palld	0.927935767867501	0.0019199226461983	0.0497378714726211	GSE230672	4	3.102347770086096	1.7735805822105224	4	1.0	True	0.927935767867501	True
Ccnd1	2.00041589366589	6.86161641548582e-05	0.0078347585674547	GSE230672	4	3.981033890944199	1.1608537082829076	5	1.0	True	2.00041589366589	True
Bax	1.72760371776574	2.55888925283642e-05	0.0046367522189335	GSE230672	4	4.209541954118076	1.431321633156233	4	1.0	True	1.72760371776574	True
Cyp26b1	-2.80498853221446	1.38521386620576e-06	0.0017883976771382	GSE230672	4	-4.827120395003727	-1.6042458384948604	3	-1.0	True	2.80498853221446	True
Hoxa5	-1.81455592855811	3.56095239775063e-05	0.0052465724693511	GSE230672	4	-4.134263172855507	-1.1623023182226997	4	-1.0	True	1.81455592855811	True
Sparcl1	-1.88083848293944	8.61670148559189e-06	0.0029250565353275	GSE230672	4	-4.449259104603959	-1.844907626643087	3	-1.0	True	1.88083848293944	True
Meg3	-0.399734491139874	0.0490777987170984	0.310505386860368	GSE230672	4	-1.9679151728692907	1.356355205534261	3	1.0	True	-0.399734491139874	False
Phlda3	2.11933933052448	8.02126766157494e-06	0.0029091642729946	GSE230672	4	4.4646154799103	2.1626425935091365	5	1.0	True	2.11933933052448	True
Gdf15	5.18426849956355	5.29540114597616e-07	0.0010894976098059	GSE230672	4	5.015288265770661	3.503469478935469	3	1.0	True	5.18426849956355	True
Sox11	-1.80692396207035	2.73246389895112e-05	0.0047037088967194	GSE230672	4	-4.194688870645558	-1.29672944079616	3	-1.0	True	1.80692396207035	True
Odc1	1.84352776179	0.000102395056911	0.0093024474225648	GSE230672	4	3.884845325205764	1.0990251574347687	3	1.0	True	1.84352776179	True
Serpine2	1.35669738137551	0.0015967719253447	0.0443514756769985	GSE230672	4	3.1564957898215003	2.028358829521411	4	1.0	True	1.35669738137551	True
Col18a1	3.3555926001604	2.5371285134935e-06	0.0020220566601014	GSE230672	4	4.705123073072504	2.06942409750946	4	1.0	True	3.3555926001604	True
Dcxr	0.588545746022976	0.270355021572319	0.637743939776109	GSE230672	4	1.1022453489199735	2.3751680302137603	3	1.0	True	0.588545746022976	True
Map1b	1.08247251468913	0.0002537755047007	0.0148927289789846	GSE230672	4	3.6584194185051455	1.1032210637399071	3	1.0	True	1.08247251468913	True
Apln	2.22844075480439	1.60584714415344e-06	0.0018428880253765	GSE230672	4	4.797591680211767	1.513492100365419	3	1.0	True	2.22844075480439	True
Hapln1	3.150447662711	5.91786486745947e-07	0.0010894976098059	GSE230672	4	4.993878457273109	3.073438475014981	3	1.0	True	3.150447662711	True
Lmna	1.81000325536863	2.71794101330879e-05	0.0047037088967194	GSE230672	4	4.195896707936946	1.45656518023195	3	1.0	True	1.81000325536863	True
Lgals1	1.55644421315308	0.0421776068360762	0.290268676718257	GSE230672	4	2.0317634715491333	1.221526733749194	3	1.0	True	1.55644421315308	True
Ddah1	1.21236471896896	0.0001066101685971	0.0094424951542209	GSE230672	4	3.875033188075576	1.04188620744289	3	1.0	True	1.21236471896896	True
Abi3bp	-2.23622137811878	1.51568945952299e-05	0.0034278325802698	GSE230672	4	-4.326395833998006	-1.1299101491565706	3	-1.0	True	2.23622137811878	True
Prnp	0.720803420076869	0.0761571804622117	0.379352697873879	GSE230672	4	1.7734318185180489	1.793042164925908	3	1.0	True	0.720803420076869	True
Cdkn1a	2.71806872479717	5.79671199939536e-07	0.0010894976098059	GSE230672	4	4.9978697370146765	2.4403165764341286	3	1.0	True	2.71806872479717	True
Zmat3	2.53911097653605	6.32907552774914e-07	0.0010894976098059	GSE230672	4	4.980895366815931	2.6456334090355784	3	1.0	True	2.53911097653605	True
Zfp36l2	-0.412842875980564	0.0423856554798637	0.290401487644293	GSE230672	4	-2.0297136412972967	-1.1017047856816735	3	-1.0	True	0.412842875980564	True
Ecm1	2.13738412949065	3.11294409179349e-06	0.0021434695368059	GSE230672	4	4.663223460470979	1.2299069280841544	3	1.0	True	2.13738412949065	True
Synpo	1.2255428835364	0.0009313411153972	0.0316426207578299	GSE230672	4	3.310485998347435	1.6401090467163126	3	1.0	True	1.2255428835364	True
Ccng1	1.83917463628632	0.0001039947934909	0.0093400889093195	GSE230672	4	3.88107726276096	1.7045829591900976	3	1.0	True	1.83917463628632	True
S100a6	2.05723293831366	0.0011277537034764	0.0357849589135385	GSE230672	4	3.2565492343511964	1.642662315592485	4	1.0	True	2.05723293831366	True
Rps27l	1.12317924022467	0.0026922386850715	0.0633412010450156	GSE230672	4	3.0008537138788283	1.0907386884763768	4	1.0	True	1.12317924022467	True
Tinagl1	1.46719186685867	0.0009312298294463	0.0316426207578299	GSE230672	4	3.3105194417062376	1.9984268997495973	3	1.0	True	1.46719186685867	True
