analysis	configuration	method	mean_spearman_across_four_tasks	rank
all_nonempty_subsets	1	cpa_adapted	0.44825733098181847	4.0
all_nonempty_subsets	1	cvae_counterfactual	0.45674675547354704	2.0
all_nonempty_subsets	1	gene_linear	0.04470080949686184	7.0
all_nonempty_subsets	1	pca_latent	0.39666097596178046	6.0
all_nonempty_subsets	1	scgen_adapted	0.4577561617806899	1.0
all_nonempty_subsets	1	sinkhorn_ot	0.41097384118098745	5.0
all_nonempty_subsets	1	vae_latent	0.44943714861387263	3.0
all_nonempty_subsets	2	cpa_adapted	0.44426938675044675	1.0
all_nonempty_subsets	2	cvae_counterfactual	0.4425252584323749	3.0
all_nonempty_subsets	2	gene_linear	0.04893057821615983	7.0
all_nonempty_subsets	2	pca_latent	0.3840674012677867	6.0
all_nonempty_subsets	2	scgen_adapted	0.44323853837179206	2.0
all_nonempty_subsets	2	sinkhorn_ot	0.3939470896395827	5.0
all_nonempty_subsets	2	vae_latent	0.43399920575944106	4.0
all_nonempty_subsets	3	cpa_adapted	0.47043332027787266	3.0
all_nonempty_subsets	3	cvae_counterfactual	0.47738019129218723	2.0
all_nonempty_subsets	3	gene_linear	0.05220843340997086	7.0
all_nonempty_subsets	3	pca_latent	0.4135204437731681	6.0
all_nonempty_subsets	3	scgen_adapted	0.478565056239592	1.0
all_nonempty_subsets	3	sinkhorn_ot	0.4258624980451358	5.0
all_nonempty_subsets	3	vae_latent	0.4694052604261844	4.0
all_nonempty_subsets	4	cpa_adapted	0.4879613587130239	4.0
all_nonempty_subsets	4	cvae_counterfactual	0.5114400365641181	1.0
all_nonempty_subsets	4	gene_linear	0.044503387819462954	7.0
all_nonempty_subsets	4	pca_latent	0.4362209461372852	6.0
all_nonempty_subsets	4	scgen_adapted	0.511130126742375	2.0
all_nonempty_subsets	4	sinkhorn_ot	0.4589826286177443	5.0
all_nonempty_subsets	4	vae_latent	0.5027956348377655	3.0
all_nonempty_subsets	5	cpa_adapted	0.4774963740442285	4.0
all_nonempty_subsets	5	cvae_counterfactual	0.4939262845220004	2.0
all_nonempty_subsets	5	gene_linear	0.046632452473460866	7.0
all_nonempty_subsets	5	pca_latent	0.4203378374604133	6.0
all_nonempty_subsets	5	scgen_adapted	0.49401032030176967	1.0
all_nonempty_subsets	5	sinkhorn_ot	0.4400743366964611	5.0
all_nonempty_subsets	5	vae_latent	0.48572396843337284	3.0
all_nonempty_subsets	6	cpa_adapted	0.5065165977504054	4.0
all_nonempty_subsets	6	cvae_counterfactual	0.5296544271856174	2.0
all_nonempty_subsets	6	gene_linear	0.04690515075299869	7.0
all_nonempty_subsets	6	pca_latent	0.44949893746860836	6.0
all_nonempty_subsets	6	scgen_adapted	0.5297267597522172	1.0
all_nonempty_subsets	6	sinkhorn_ot	0.4714002714752543	5.0
all_nonempty_subsets	6	vae_latent	0.5210348036927873	3.0
all_nonempty_subsets	7	cpa_adapted	0.4099289823355578	3.0
all_nonempty_subsets	7	cvae_counterfactual	0.4174808774998751	2.0
all_nonempty_subsets	7	gene_linear	0.035993462506667975	7.0
all_nonempty_subsets	7	pca_latent	0.3594698848700244	6.0
all_nonempty_subsets	7	scgen_adapted	0.418265431537056	1.0
all_nonempty_subsets	7	sinkhorn_ot	0.3783041461598261	5.0
all_nonempty_subsets	7	vae_latent	0.4093798019495828	4.0
all_nonempty_subsets	8	cpa_adapted	0.40018133144718515	1.0
all_nonempty_subsets	8	cvae_counterfactual	0.39879662077642064	3.0
all_nonempty_subsets	8	gene_linear	0.03672233317937854	7.0
all_nonempty_subsets	8	pca_latent	0.34112645463166896	6.0
all_nonempty_subsets	8	scgen_adapted	0.40010262171632177	2.0
all_nonempty_subsets	8	sinkhorn_ot	0.3554123464465688	5.0
all_nonempty_subsets	8	vae_latent	0.3909125575608542	4.0
all_nonempty_subsets	9	cpa_adapted	0.42727191121314656	3.0
all_nonempty_subsets	9	cvae_counterfactual	0.4328069193811287	2.0
all_nonempty_subsets	9	gene_linear	0.03879052622705172	7.0
all_nonempty_subsets	9	pca_latent	0.37023827520907227	6.0
all_nonempty_subsets	9	scgen_adapted	0.43459539347765175	1.0
all_nonempty_subsets	9	sinkhorn_ot	0.38682813705300234	5.0
all_nonempty_subsets	9	vae_latent	0.42466830909864484	4.0
all_nonempty_subsets	10	cpa_adapted	0.4134984825339311	3.0
all_nonempty_subsets	10	cvae_counterfactual	0.4194677857930975	2.0
all_nonempty_subsets	10	gene_linear	0.027597805815836225	7.0
all_nonempty_subsets	10	pca_latent	0.3672240745764286	6.0
all_nonempty_subsets	10	scgen_adapted	0.4233697430862798	1.0
all_nonempty_subsets	10	sinkhorn_ot	0.3806777325863919	5.0
all_nonempty_subsets	10	vae_latent	0.41329023983936436	4.0
all_nonempty_subsets	11	cpa_adapted	0.4095105383025594	1.0
all_nonempty_subsets	11	cvae_counterfactual	0.40524628875192537	3.0
all_nonempty_subsets	11	gene_linear	0.03182757453513421	7.0
all_nonempty_subsets	11	pca_latent	0.35463049988243484	6.0
all_nonempty_subsets	11	scgen_adapted	0.4088521196773819	2.0
all_nonempty_subsets	11	sinkhorn_ot	0.36365098104498716	5.0
all_nonempty_subsets	11	vae_latent	0.39785229698493285	4.0
all_nonempty_subsets	12	cpa_adapted	0.4356744718299853	3.0
all_nonempty_subsets	12	cvae_counterfactual	0.44010122161173776	2.0
all_nonempty_subsets	12	gene_linear	0.035105429728945245	7.0
all_nonempty_subsets	12	pca_latent	0.3840835423878162	6.0
all_nonempty_subsets	12	scgen_adapted	0.4441786375451819	1.0
all_nonempty_subsets	12	sinkhorn_ot	0.3955663894505403	5.0
all_nonempty_subsets	12	vae_latent	0.43325835165167614	4.0
all_nonempty_subsets	13	cpa_adapted	0.4532025102651365	4.0
all_nonempty_subsets	13	cvae_counterfactual	0.4741610668836685	2.0
all_nonempty_subsets	13	gene_linear	0.02740038413843734	7.0
all_nonempty_subsets	13	pca_latent	0.4067840447519333	6.0
all_nonempty_subsets	13	scgen_adapted	0.47674370804796484	1.0
all_nonempty_subsets	13	sinkhorn_ot	0.4286865200231487	5.0
all_nonempty_subsets	13	vae_latent	0.4666487260632572	3.0
all_nonempty_subsets	14	cpa_adapted	0.44273752559634116	4.0
all_nonempty_subsets	14	cvae_counterfactual	0.45664731484155086	2.0
all_nonempty_subsets	14	gene_linear	0.029529448792435253	7.0
all_nonempty_subsets	14	pca_latent	0.39090093607506143	6.0
all_nonempty_subsets	14	scgen_adapted	0.45962390160735955	1.0
all_nonempty_subsets	14	sinkhorn_ot	0.4097782281018656	5.0
all_nonempty_subsets	14	vae_latent	0.4495770596588646	3.0
all_nonempty_subsets	15	cpa_adapted	0.47175774930251796	4.0
all_nonempty_subsets	15	cvae_counterfactual	0.49237545750516787	2.0
all_nonempty_subsets	15	gene_linear	0.029802147071973078	7.0
all_nonempty_subsets	15	pca_latent	0.4200620360832565	6.0
all_nonempty_subsets	15	scgen_adapted	0.49534034105780705	1.0
all_nonempty_subsets	15	sinkhorn_ot	0.44110416288065873	5.0
all_nonempty_subsets	15	vae_latent	0.4848878949182791	3.0
all_nonempty_subsets	16	cpa_adapted	0.37517013388767045	3.0
all_nonempty_subsets	16	cvae_counterfactual	0.3802019078194256	2.0
all_nonempty_subsets	16	gene_linear	0.018890458825642366	7.0
all_nonempty_subsets	16	pca_latent	0.33003298348467247	6.0
all_nonempty_subsets	16	scgen_adapted	0.38387901284264586	1.0
all_nonempty_subsets	16	sinkhorn_ot	0.3480080375652306	5.0
all_nonempty_subsets	16	vae_latent	0.3732328931750745	4.0
all_nonempty_subsets	17	cpa_adapted	0.3654224829992978	2.0
all_nonempty_subsets	17	cvae_counterfactual	0.3615176510959711	3.0
all_nonempty_subsets	17	gene_linear	0.01961932949835293	7.0
all_nonempty_subsets	17	pca_latent	0.3116895532463171	6.0
all_nonempty_subsets	17	scgen_adapted	0.3657162030219116	1.0
all_nonempty_subsets	17	sinkhorn_ot	0.32511623785197324	5.0
all_nonempty_subsets	17	vae_latent	0.3547656487863459	4.0
all_nonempty_subsets	18	cpa_adapted	0.3925130627652592	3.0
all_nonempty_subsets	18	cvae_counterfactual	0.39552794970067917	2.0
all_nonempty_subsets	18	gene_linear	0.021687522546026114	7.0
all_nonempty_subsets	18	pca_latent	0.3408013738237204	6.0
all_nonempty_subsets	18	scgen_adapted	0.40020897478324163	1.0
all_nonempty_subsets	18	sinkhorn_ot	0.3565320284584068	5.0
all_nonempty_subsets	18	vae_latent	0.3885214003241366	4.0
all_nonempty_subsets	19	cpa_adapted	0.4641753380228916	3.0
all_nonempty_subsets	19	cvae_counterfactual	0.47026379072672353	2.0
all_nonempty_subsets	19	gene_linear	0.04194790356117758	7.0
all_nonempty_subsets	19	pca_latent	0.4133791321147387	6.0
all_nonempty_subsets	19	scgen_adapted	0.47266533970733904	1.0
all_nonempty_subsets	19	sinkhorn_ot	0.42863609838026306	5.0
all_nonempty_subsets	19	vae_latent	0.4637325647128465	4.0
all_nonempty_subsets	20	cpa_adapted	0.4601873937915199	1.0
all_nonempty_subsets	20	cvae_counterfactual	0.4560422936855513	3.0
all_nonempty_subsets	20	gene_linear	0.04617767228047557	7.0
all_nonempty_subsets	20	pca_latent	0.40078555742074495	6.0
all_nonempty_subsets	20	scgen_adapted	0.45814771629844114	2.0
all_nonempty_subsets	20	sinkhorn_ot	0.4116093468388583	5.0
all_nonempty_subsets	20	vae_latent	0.44829462185841495	4.0
all_nonempty_subsets	21	cpa_adapted	0.4863513273189458	3.0
all_nonempty_subsets	21	cvae_counterfactual	0.4908972265453637	2.0
all_nonempty_subsets	21	gene_linear	0.0494555274742866	7.0
all_nonempty_subsets	21	pca_latent	0.4302385999261263	6.0
all_nonempty_subsets	21	scgen_adapted	0.49347423416624114	1.0
all_nonempty_subsets	21	sinkhorn_ot	0.4435247552444114	5.0
all_nonempty_subsets	21	vae_latent	0.4837006765251583	4.0
all_nonempty_subsets	22	cpa_adapted	0.503879365754097	4.0
all_nonempty_subsets	22	cvae_counterfactual	0.5249570718172945	2.0
all_nonempty_subsets	22	gene_linear	0.041750481883778695	7.0
all_nonempty_subsets	22	pca_latent	0.45293910229024337	6.0
all_nonempty_subsets	22	scgen_adapted	0.5260393046690242	1.0
all_nonempty_subsets	22	sinkhorn_ot	0.4766448858170198	5.0
all_nonempty_subsets	22	vae_latent	0.5170910509367393	3.0
all_nonempty_subsets	23	cpa_adapted	0.49341438108530167	4.0
all_nonempty_subsets	23	cvae_counterfactual	0.5074433197751769	2.0
all_nonempty_subsets	23	gene_linear	0.043879546537776606	7.0
all_nonempty_subsets	23	pca_latent	0.43705599361337155	6.0
all_nonempty_subsets	23	scgen_adapted	0.5089194982284188	1.0
all_nonempty_subsets	23	sinkhorn_ot	0.45773659389573673	5.0
all_nonempty_subsets	23	vae_latent	0.5000193845323467	3.0
all_nonempty_subsets	24	cpa_adapted	0.5224346047914785	4.0
all_nonempty_subsets	24	cvae_counterfactual	0.5431714624387939	2.0
all_nonempty_subsets	24	gene_linear	0.04415224481731443	7.0
all_nonempty_subsets	24	pca_latent	0.4662170936215666	6.0
all_nonempty_subsets	24	scgen_adapted	0.5446359376788663	1.0
all_nonempty_subsets	24	sinkhorn_ot	0.4890625286745298	5.0
all_nonempty_subsets	24	vae_latent	0.5353302197917612	3.0
all_nonempty_subsets	25	cpa_adapted	0.42584698937663096	3.0
all_nonempty_subsets	25	cvae_counterfactual	0.4309979127530516	2.0
all_nonempty_subsets	25	gene_linear	0.03324055657098372	7.0
all_nonempty_subsets	25	pca_latent	0.3761880410229826	6.0
all_nonempty_subsets	25	scgen_adapted	0.4331746094637051	1.0
all_nonempty_subsets	25	sinkhorn_ot	0.3959664033591016	5.0
all_nonempty_subsets	25	vae_latent	0.4236752180485567	4.0
all_nonempty_subsets	26	cpa_adapted	0.41609933848825836	1.0
all_nonempty_subsets	26	cvae_counterfactual	0.4123136560295971	3.0
all_nonempty_subsets	26	gene_linear	0.03396942724369428	7.0
all_nonempty_subsets	26	pca_latent	0.3578446107846272	6.0
all_nonempty_subsets	26	scgen_adapted	0.41501179964297086	2.0
all_nonempty_subsets	26	sinkhorn_ot	0.3730746036458443	5.0
all_nonempty_subsets	26	vae_latent	0.4052079736598281	4.0
all_nonempty_subsets	27	cpa_adapted	0.4431899182542197	3.0
all_nonempty_subsets	27	cvae_counterfactual	0.4463239546343052	2.0
all_nonempty_subsets	27	gene_linear	0.036037620291367464	7.0
all_nonempty_subsets	27	pca_latent	0.3869564313620305	6.0
all_nonempty_subsets	27	scgen_adapted	0.4495045714043009	1.0
all_nonempty_subsets	27	sinkhorn_ot	0.40449039425227795	5.0
all_nonempty_subsets	27	vae_latent	0.4389637251976187	4.0
all_nonempty_subsets	28	cpa_adapted	0.4628846058258882	5.0
all_nonempty_subsets	28	cvae_counterfactual	0.4693185802847526	3.0
all_nonempty_subsets	28	gene_linear	0.09950817987969568	7.0
all_nonempty_subsets	28	pca_latent	0.45533364009276334	6.0
all_nonempty_subsets	28	scgen_adapted	0.48075141273103955	2.0
all_nonempty_subsets	28	sinkhorn_ot	0.46651568339622207	4.0
all_nonempty_subsets	28	vae_latent	0.48176316379030437	1.0
all_nonempty_subsets	29	cpa_adapted	0.4588966615945164	3.0
all_nonempty_subsets	29	cvae_counterfactual	0.45509708324358045	4.0
all_nonempty_subsets	29	gene_linear	0.10373794859899366	7.0
all_nonempty_subsets	29	pca_latent	0.44274006539876953	6.0
all_nonempty_subsets	29	scgen_adapted	0.46623378932214166	2.0
all_nonempty_subsets	29	sinkhorn_ot	0.4494889318548173	5.0
all_nonempty_subsets	29	vae_latent	0.4663252209358729	1.0
all_nonempty_subsets	30	cpa_adapted	0.48506059512194233	4.0
all_nonempty_subsets	30	cvae_counterfactual	0.4899520161033928	3.0
all_nonempty_subsets	30	gene_linear	0.1070158037928047	7.0
all_nonempty_subsets	30	pca_latent	0.4721931079041509	6.0
all_nonempty_subsets	30	scgen_adapted	0.5015603071899417	2.0
all_nonempty_subsets	30	sinkhorn_ot	0.4814043402603704	5.0
all_nonempty_subsets	30	vae_latent	0.5017312756026162	1.0
all_nonempty_subsets	31	cpa_adapted	0.5025886335570935	5.0
all_nonempty_subsets	31	cvae_counterfactual	0.5240118613753235	3.0
all_nonempty_subsets	31	gene_linear	0.09931075820229679	7.0
all_nonempty_subsets	31	pca_latent	0.49489361026826795	6.0
all_nonempty_subsets	31	scgen_adapted	0.5341253776927246	2.0
all_nonempty_subsets	31	sinkhorn_ot	0.5145244708329788	4.0
all_nonempty_subsets	31	vae_latent	0.5351216500141972	1.0
all_nonempty_subsets	32	cpa_adapted	0.4921236488882982	5.0
all_nonempty_subsets	32	cvae_counterfactual	0.5064981093332059	3.0
all_nonempty_subsets	32	gene_linear	0.10143982285629469	7.0
all_nonempty_subsets	32	pca_latent	0.47901050159139613	6.0
all_nonempty_subsets	32	scgen_adapted	0.5170055712521193	2.0
all_nonempty_subsets	32	sinkhorn_ot	0.49561617891169574	4.0
all_nonempty_subsets	32	vae_latent	0.5180499836098046	1.0
all_nonempty_subsets	33	cpa_adapted	0.521143872594475	5.0
all_nonempty_subsets	33	cvae_counterfactual	0.542226251996823	3.0
all_nonempty_subsets	33	gene_linear	0.10171252113583251	7.0
all_nonempty_subsets	33	pca_latent	0.5081716015995912	6.0
all_nonempty_subsets	33	scgen_adapted	0.5527220107025668	2.0
all_nonempty_subsets	33	sinkhorn_ot	0.5269421136904888	4.0
all_nonempty_subsets	33	vae_latent	0.5533608188692192	1.0
all_nonempty_subsets	34	cpa_adapted	0.4245562571796275	5.0
all_nonempty_subsets	34	cvae_counterfactual	0.43005270231108067	4.0
all_nonempty_subsets	34	gene_linear	0.0908008328895018	7.0
all_nonempty_subsets	34	pca_latent	0.4181425490010072	6.0
all_nonempty_subsets	34	scgen_adapted	0.44126068248740563	2.0
all_nonempty_subsets	34	sinkhorn_ot	0.4338459883750606	3.0
all_nonempty_subsets	34	vae_latent	0.44170581712601453	1.0
all_nonempty_subsets	35	cpa_adapted	0.4148086062912549	3.0
all_nonempty_subsets	35	cvae_counterfactual	0.41136844558762614	4.0
all_nonempty_subsets	35	gene_linear	0.09152970356221238	7.0
all_nonempty_subsets	35	pca_latent	0.39979911876265184	6.0
all_nonempty_subsets	35	scgen_adapted	0.42309787266667137	2.0
all_nonempty_subsets	35	sinkhorn_ot	0.41095418866180333	5.0
all_nonempty_subsets	35	vae_latent	0.42323857273728593	1.0
all_nonempty_subsets	36	cpa_adapted	0.44189918605721623	5.0
all_nonempty_subsets	36	cvae_counterfactual	0.44537874419233425	3.0
all_nonempty_subsets	36	gene_linear	0.09359789660988556	7.0
all_nonempty_subsets	36	pca_latent	0.4289109393400551	6.0
all_nonempty_subsets	36	scgen_adapted	0.4575906444280014	1.0
all_nonempty_subsets	36	sinkhorn_ot	0.44236997926823696	4.0
all_nonempty_subsets	36	vae_latent	0.4569943242750766	2.0
all_nonempty_subsets	37	cpa_adapted	0.4356098777576305	4.0
all_nonempty_subsets	37	cvae_counterfactual	0.44635873571245854	3.0
all_nonempty_subsets	37	gene_linear	0.06955850675733101	7.0
all_nonempty_subsets	37	pca_latent	0.41956737127886906	6.0
all_nonempty_subsets	37	scgen_adapted	0.4549894537315513	1.0
all_nonempty_subsets	37	sinkhorn_ot	0.4352896236713977	5.0
all_nonempty_subsets	37	vae_latent	0.44958396282215324	2.0
all_nonempty_subsets	38	cpa_adapted	0.43162193352625877	4.0
all_nonempty_subsets	38	cvae_counterfactual	0.4321372386712864	3.0
all_nonempty_subsets	38	gene_linear	0.073788275476629	7.0
all_nonempty_subsets	38	pca_latent	0.4069737965848753	6.0
all_nonempty_subsets	38	scgen_adapted	0.4404718303226534	1.0
all_nonempty_subsets	38	sinkhorn_ot	0.4182628721299929	5.0
all_nonempty_subsets	38	vae_latent	0.43414601996772173	2.0
all_nonempty_subsets	39	cpa_adapted	0.4577858670536846	4.0
all_nonempty_subsets	39	cvae_counterfactual	0.46699217153109873	3.0
all_nonempty_subsets	39	gene_linear	0.07706613067044003	7.0
all_nonempty_subsets	39	pca_latent	0.4364268390902567	6.0
all_nonempty_subsets	39	scgen_adapted	0.4757983481904534	1.0
all_nonempty_subsets	39	sinkhorn_ot	0.45017828053554604	5.0
all_nonempty_subsets	39	vae_latent	0.469552074634465	2.0
all_nonempty_subsets	40	cpa_adapted	0.4753139054888359	5.0
all_nonempty_subsets	40	cvae_counterfactual	0.5010520168030295	3.0
all_nonempty_subsets	40	gene_linear	0.06936108507993213	7.0
all_nonempty_subsets	40	pca_latent	0.4591273414543737	6.0
all_nonempty_subsets	40	scgen_adapted	0.5083634186932364	1.0
all_nonempty_subsets	40	sinkhorn_ot	0.4832984111081545	4.0
all_nonempty_subsets	40	vae_latent	0.5029424490460461	2.0
all_nonempty_subsets	41	cpa_adapted	0.46484892082004053	4.0
all_nonempty_subsets	41	cvae_counterfactual	0.4835382647609119	3.0
all_nonempty_subsets	41	gene_linear	0.07149014973393003	7.0
all_nonempty_subsets	41	pca_latent	0.4432442327775019	6.0
all_nonempty_subsets	41	scgen_adapted	0.4912436122526311	1.0
all_nonempty_subsets	41	sinkhorn_ot	0.46439011918687134	5.0
all_nonempty_subsets	41	vae_latent	0.4858707826416535	2.0
all_nonempty_subsets	42	cpa_adapted	0.49386914452621733	5.0
all_nonempty_subsets	42	cvae_counterfactual	0.5192664074245289	3.0
all_nonempty_subsets	42	gene_linear	0.07176284801346786	7.0
all_nonempty_subsets	42	pca_latent	0.47240533278569696	6.0
all_nonempty_subsets	42	scgen_adapted	0.5269600517030786	1.0
all_nonempty_subsets	42	sinkhorn_ot	0.49571605396566454	4.0
all_nonempty_subsets	42	vae_latent	0.521181617901068	2.0
all_nonempty_subsets	43	cpa_adapted	0.3972815291113698	5.0
all_nonempty_subsets	43	cvae_counterfactual	0.4070928577387866	3.0
all_nonempty_subsets	43	gene_linear	0.06085115976713715	7.0
all_nonempty_subsets	43	pca_latent	0.38237628018711295	6.0
all_nonempty_subsets	43	scgen_adapted	0.4154987234879174	1.0
all_nonempty_subsets	43	sinkhorn_ot	0.4026199286502363	4.0
all_nonempty_subsets	43	vae_latent	0.40952661615786345	2.0
all_nonempty_subsets	44	cpa_adapted	0.3875338782229972	4.0
all_nonempty_subsets	44	cvae_counterfactual	0.3884086010153321	3.0
all_nonempty_subsets	44	gene_linear	0.061580030439847715	7.0
all_nonempty_subsets	44	pca_latent	0.36403284994875756	6.0
all_nonempty_subsets	44	scgen_adapted	0.3973359136671831	1.0
all_nonempty_subsets	44	sinkhorn_ot	0.37972812893697905	5.0
all_nonempty_subsets	44	vae_latent	0.39105937176913486	2.0
all_nonempty_subsets	45	cpa_adapted	0.4146244579889586	4.0
all_nonempty_subsets	45	cvae_counterfactual	0.4224188996200402	3.0
all_nonempty_subsets	45	gene_linear	0.06364822348752089	7.0
all_nonempty_subsets	45	pca_latent	0.39314467052616087	6.0
all_nonempty_subsets	45	scgen_adapted	0.43182868542851316	1.0
all_nonempty_subsets	45	sinkhorn_ot	0.4111439195434126	5.0
all_nonempty_subsets	45	vae_latent	0.4248151233069255	2.0
all_nonempty_subsets	46	cpa_adapted	0.4806895969784797	5.0
all_nonempty_subsets	46	cvae_counterfactual	0.489479028613686	3.0
all_nonempty_subsets	46	gene_linear	0.09301176535688369	7.0
all_nonempty_subsets	46	pca_latent	0.4735034900971279	6.0
all_nonempty_subsets	46	scgen_adapted	0.5008102115040328	1.0
all_nonempty_subsets	46	sinkhorn_ot	0.4880212250145327	4.0
all_nonempty_subsets	46	vae_latent	0.4988801402809425	2.0
all_nonempty_subsets	47	cpa_adapted	0.47670165274710796	3.0
all_nonempty_subsets	47	cvae_counterfactual	0.4752575315725138	4.0
all_nonempty_subsets	47	gene_linear	0.09724153407618166	7.0
all_nonempty_subsets	47	pca_latent	0.4609099154031341	6.0
all_nonempty_subsets	47	scgen_adapted	0.4862925880951349	1.0
all_nonempty_subsets	47	sinkhorn_ot	0.47099447347312795	5.0
all_nonempty_subsets	47	vae_latent	0.48344219742651096	2.0
all_nonempty_subsets	48	cpa_adapted	0.5028655862745338	5.0
all_nonempty_subsets	48	cvae_counterfactual	0.5101124644323262	3.0
all_nonempty_subsets	48	gene_linear	0.10051938926999271	7.0
all_nonempty_subsets	48	pca_latent	0.4903629579085155	6.0
all_nonempty_subsets	48	scgen_adapted	0.5216191059629349	1.0
all_nonempty_subsets	48	sinkhorn_ot	0.502909881878681	4.0
all_nonempty_subsets	48	vae_latent	0.5188482520932542	2.0
all_nonempty_subsets	49	cpa_adapted	0.5203936247096851	5.0
all_nonempty_subsets	49	cvae_counterfactual	0.544172309704257	3.0
all_nonempty_subsets	49	gene_linear	0.0928143436794848	7.0
all_nonempty_subsets	49	pca_latent	0.5130634602726325	6.0
all_nonempty_subsets	49	scgen_adapted	0.5541841764657178	1.0
all_nonempty_subsets	49	sinkhorn_ot	0.5360300124512896	4.0
all_nonempty_subsets	49	vae_latent	0.5522386265048354	2.0
all_nonempty_subsets	50	cpa_adapted	0.5099286400408898	5.0
all_nonempty_subsets	50	cvae_counterfactual	0.5266585576621393	3.0
all_nonempty_subsets	50	gene_linear	0.0949434083334827	7.0
all_nonempty_subsets	50	pca_latent	0.4971803515957607	6.0
all_nonempty_subsets	50	scgen_adapted	0.5370643700251125	1.0
all_nonempty_subsets	50	sinkhorn_ot	0.5171217205300064	4.0
all_nonempty_subsets	50	vae_latent	0.5351669601004427	2.0
all_nonempty_subsets	51	cpa_adapted	0.5389488637470665	5.0
all_nonempty_subsets	51	cvae_counterfactual	0.5623867003257563	3.0
all_nonempty_subsets	51	gene_linear	0.09521610661302053	7.0
all_nonempty_subsets	51	pca_latent	0.5263414516039557	6.0
all_nonempty_subsets	51	scgen_adapted	0.5727808094755601	1.0
all_nonempty_subsets	51	sinkhorn_ot	0.5484476553087996	4.0
all_nonempty_subsets	51	vae_latent	0.5704777953598572	2.0
all_nonempty_subsets	52	cpa_adapted	0.442361248332219	5.0
all_nonempty_subsets	52	cvae_counterfactual	0.45021315064001405	4.0
all_nonempty_subsets	52	gene_linear	0.08430441836668982	7.0
all_nonempty_subsets	52	pca_latent	0.4363123990053718	6.0
all_nonempty_subsets	52	scgen_adapted	0.4613194812603989	1.0
all_nonempty_subsets	52	sinkhorn_ot	0.45535152999337136	3.0
all_nonempty_subsets	52	vae_latent	0.4588227936166527	2.0
all_nonempty_subsets	53	cpa_adapted	0.43261359744384636	3.0
all_nonempty_subsets	53	cvae_counterfactual	0.4315288939165596	5.0
all_nonempty_subsets	53	gene_linear	0.08503328903940038	7.0
all_nonempty_subsets	53	pca_latent	0.4179689687670164	6.0
all_nonempty_subsets	53	scgen_adapted	0.44315667143966464	1.0
all_nonempty_subsets	53	sinkhorn_ot	0.4324597302801141	4.0
all_nonempty_subsets	53	vae_latent	0.4403555492279241	2.0
all_nonempty_subsets	54	cpa_adapted	0.4597041772098078	5.0
all_nonempty_subsets	54	cvae_counterfactual	0.46553919252126763	3.0
all_nonempty_subsets	54	gene_linear	0.08710148208707358	7.0
all_nonempty_subsets	54	pca_latent	0.44708078934441964	6.0
all_nonempty_subsets	54	scgen_adapted	0.47764944320099467	1.0
all_nonempty_subsets	54	sinkhorn_ot	0.4638755208865476	4.0
all_nonempty_subsets	54	vae_latent	0.4741113007657147	2.0
all_nonempty_subsets	55	cpa_adapted	0.4065519849903867	4.0
all_nonempty_subsets	55	cvae_counterfactual	0.4157574422698412	2.0
all_nonempty_subsets	55	gene_linear	0.06215370102619257	7.0
all_nonempty_subsets	55	pca_latent	0.37558106544260783	6.0
all_nonempty_subsets	55	scgen_adapted	0.41818507848853953	1.0
all_nonempty_subsets	55	sinkhorn_ot	0.3902374450826903	5.0
all_nonempty_subsets	55	vae_latent	0.41542985847987784	3.0
all_nonempty_subsets	56	cpa_adapted	0.402564040759015	2.0
all_nonempty_subsets	56	cvae_counterfactual	0.401535945228669	3.0
all_nonempty_subsets	56	gene_linear	0.06638346974549056	7.0
all_nonempty_subsets	56	pca_latent	0.3629874907486141	6.0
all_nonempty_subsets	56	scgen_adapted	0.40366745507964163	1.0
all_nonempty_subsets	56	sinkhorn_ot	0.37321069354128555	5.0
all_nonempty_subsets	56	vae_latent	0.39999191562544634	4.0
all_nonempty_subsets	57	cpa_adapted	0.4287279742864409	4.0
all_nonempty_subsets	57	cvae_counterfactual	0.43639087808848137	2.0
all_nonempty_subsets	57	gene_linear	0.06966132493930159	7.0
all_nonempty_subsets	57	pca_latent	0.39244053325399547	6.0
all_nonempty_subsets	57	scgen_adapted	0.43899397294744164	1.0
all_nonempty_subsets	57	sinkhorn_ot	0.4051261019468386	5.0
all_nonempty_subsets	57	vae_latent	0.43539797029218963	3.0
all_nonempty_subsets	58	cpa_adapted	0.4462560127215921	4.0
all_nonempty_subsets	58	cvae_counterfactual	0.47045072336041216	2.0
all_nonempty_subsets	58	gene_linear	0.06195627934879369	7.0
all_nonempty_subsets	58	pca_latent	0.41514103561811255	6.0
all_nonempty_subsets	58	scgen_adapted	0.4715590434502246	1.0
all_nonempty_subsets	58	sinkhorn_ot	0.4382462325194471	5.0
all_nonempty_subsets	58	vae_latent	0.46878834470377073	3.0
all_nonempty_subsets	59	cpa_adapted	0.4357910280527968	4.0
all_nonempty_subsets	59	cvae_counterfactual	0.4529369713182945	2.0
all_nonempty_subsets	59	gene_linear	0.0640853440027916	7.0
all_nonempty_subsets	59	pca_latent	0.3992579269412407	6.0
all_nonempty_subsets	59	scgen_adapted	0.4544392370096193	1.0
all_nonempty_subsets	59	sinkhorn_ot	0.419337940598164	5.0
all_nonempty_subsets	59	vae_latent	0.4517166782993781	3.0
all_nonempty_subsets	60	cpa_adapted	0.46481125175897353	4.0
all_nonempty_subsets	60	cvae_counterfactual	0.48866511398191154	2.0
all_nonempty_subsets	60	gene_linear	0.06435804228232943	7.0
all_nonempty_subsets	60	pca_latent	0.42841902694943573	6.0
all_nonempty_subsets	60	scgen_adapted	0.4901556764600668	1.0
all_nonempty_subsets	60	sinkhorn_ot	0.4506638753769571	5.0
all_nonempty_subsets	60	vae_latent	0.4870275135587926	3.0
all_nonempty_subsets	61	cpa_adapted	0.368223636344126	4.0
all_nonempty_subsets	61	cvae_counterfactual	0.37649156429616926	2.0
all_nonempty_subsets	61	gene_linear	0.05344635403599871	7.0
all_nonempty_subsets	61	pca_latent	0.3383899743508517	6.0
all_nonempty_subsets	61	scgen_adapted	0.3786943482449056	1.0
all_nonempty_subsets	61	sinkhorn_ot	0.3575677500615289	5.0
all_nonempty_subsets	61	vae_latent	0.37537251181558806	3.0
all_nonempty_subsets	62	cpa_adapted	0.35847598545575343	2.0
all_nonempty_subsets	62	cvae_counterfactual	0.35780730757271473	3.0
all_nonempty_subsets	62	gene_linear	0.05417522470870928	7.0
all_nonempty_subsets	62	pca_latent	0.32004654411249633	6.0
all_nonempty_subsets	62	scgen_adapted	0.3605315384241714	1.0
all_nonempty_subsets	62	sinkhorn_ot	0.33467595034827163	5.0
all_nonempty_subsets	62	vae_latent	0.35690526742685946	4.0
all_nonempty_subsets	63	cpa_adapted	0.38556656522171484	4.0
all_nonempty_subsets	63	cvae_counterfactual	0.39181760617742284	2.0
all_nonempty_subsets	63	gene_linear	0.05624341775638246	7.0
all_nonempty_subsets	63	pca_latent	0.34915836468989964	6.0
all_nonempty_subsets	63	scgen_adapted	0.3950243101855014	1.0
all_nonempty_subsets	63	sinkhorn_ot	0.3660917409547052	5.0
all_nonempty_subsets	63	vae_latent	0.3906610189646501	3.0
all_nonempty_subsets	64	cpa_adapted	0.3755649837475393	4.0
all_nonempty_subsets	64	cvae_counterfactual	0.38472266932572646	2.0
all_nonempty_subsets	64	gene_linear	0.03206729194543553	7.0
all_nonempty_subsets	64	pca_latent	0.34047327082917145	6.0
all_nonempty_subsets	64	scgen_adapted	0.38705404194672344	1.0
all_nonempty_subsets	64	sinkhorn_ot	0.35490816679660664	5.0
all_nonempty_subsets	64	vae_latent	0.380567063160932	3.0
all_nonempty_subsets	65	cpa_adapted	0.3715770395161676	2.0
all_nonempty_subsets	65	cvae_counterfactual	0.37050117228455426	3.0
all_nonempty_subsets	65	gene_linear	0.03629706066473352	7.0
all_nonempty_subsets	65	pca_latent	0.3278796961351777	6.0
all_nonempty_subsets	65	scgen_adapted	0.37253641853782554	1.0
all_nonempty_subsets	65	sinkhorn_ot	0.3378814152552019	5.0
all_nonempty_subsets	65	vae_latent	0.36512912030650047	4.0
all_nonempty_subsets	66	cpa_adapted	0.3977409730435935	4.0
all_nonempty_subsets	66	cvae_counterfactual	0.40535610514436665	2.0
all_nonempty_subsets	66	gene_linear	0.03957491585854456	7.0
all_nonempty_subsets	66	pca_latent	0.3573327386405591	6.0
all_nonempty_subsets	66	scgen_adapted	0.40786293640562554	1.0
all_nonempty_subsets	66	sinkhorn_ot	0.369796823660755	5.0
all_nonempty_subsets	66	vae_latent	0.4005351749732438	3.0
all_nonempty_subsets	67	cpa_adapted	0.41526901147874473	4.0
all_nonempty_subsets	67	cvae_counterfactual	0.43941595041629744	2.0
all_nonempty_subsets	67	gene_linear	0.03186987026803665	7.0
all_nonempty_subsets	67	pca_latent	0.38003324100467617	6.0
all_nonempty_subsets	67	scgen_adapted	0.4404280069084085	1.0
all_nonempty_subsets	67	sinkhorn_ot	0.4029169542333635	5.0
all_nonempty_subsets	67	vae_latent	0.43392554938482486	3.0
all_nonempty_subsets	68	cpa_adapted	0.40480402680994937	4.0
all_nonempty_subsets	68	cvae_counterfactual	0.4219021983741798	2.0
all_nonempty_subsets	68	gene_linear	0.03399893492203456	7.0
all_nonempty_subsets	68	pca_latent	0.3641501323278043	6.0
all_nonempty_subsets	68	scgen_adapted	0.42330820046780315	1.0
all_nonempty_subsets	68	sinkhorn_ot	0.3840086623120803	5.0
all_nonempty_subsets	68	vae_latent	0.41685388298043224	3.0
all_nonempty_subsets	69	cpa_adapted	0.43382425051612616	4.0
all_nonempty_subsets	69	cvae_counterfactual	0.4576303410377968	2.0
all_nonempty_subsets	69	gene_linear	0.034271633201572387	7.0
all_nonempty_subsets	69	pca_latent	0.39331123233599935	6.0
all_nonempty_subsets	69	scgen_adapted	0.4590246399182507	1.0
all_nonempty_subsets	69	sinkhorn_ot	0.4153345970908735	5.0
all_nonempty_subsets	69	vae_latent	0.4521647182398467	3.0
all_nonempty_subsets	70	cpa_adapted	0.33723663510127866	4.0
all_nonempty_subsets	70	cvae_counterfactual	0.34545679135205454	2.0
all_nonempty_subsets	70	gene_linear	0.02335994495524167	7.0
all_nonempty_subsets	70	pca_latent	0.30328217973741534	6.0
all_nonempty_subsets	70	scgen_adapted	0.3475633117030895	1.0
all_nonempty_subsets	70	sinkhorn_ot	0.3222384717754453	5.0
all_nonempty_subsets	70	vae_latent	0.3405097164966422	3.0
all_nonempty_subsets	71	cpa_adapted	0.32748898421290606	2.0
all_nonempty_subsets	71	cvae_counterfactual	0.3267725346286	3.0
all_nonempty_subsets	71	gene_linear	0.02408881562795224	7.0
all_nonempty_subsets	71	pca_latent	0.28493874949905995	6.0
all_nonempty_subsets	71	scgen_adapted	0.32940050188235526	1.0
all_nonempty_subsets	71	sinkhorn_ot	0.299346672062188	5.0
all_nonempty_subsets	71	vae_latent	0.3220424721079136	4.0
all_nonempty_subsets	72	cpa_adapted	0.3545795639788674	4.0
all_nonempty_subsets	72	cvae_counterfactual	0.3607828332333081	2.0
all_nonempty_subsets	72	gene_linear	0.02615700867562542	7.0
all_nonempty_subsets	72	pca_latent	0.31405057007646325	6.0
all_nonempty_subsets	72	scgen_adapted	0.3638932736436853	1.0
all_nonempty_subsets	72	sinkhorn_ot	0.3307624626686216	5.0
all_nonempty_subsets	72	vae_latent	0.35579822364570424	3.0
all_nonempty_subsets	73	cpa_adapted	0.4235581950602887	4.0
all_nonempty_subsets	73	cvae_counterfactual	0.43331647166257836	2.0
all_nonempty_subsets	73	gene_linear	0.049116886559046	7.0
all_nonempty_subsets	73	pca_latent	0.3907371616801673	6.0
all_nonempty_subsets	73	scgen_adapted	0.4348201640576591	1.0
all_nonempty_subsets	73	sinkhorn_ot	0.4077711062135514	5.0
all_nonempty_subsets	73	vae_latent	0.42995490826175053	3.0
all_nonempty_subsets	74	cpa_adapted	0.41957025082891697	2.0
all_nonempty_subsets	74	cvae_counterfactual	0.4190949746214062	3.0
all_nonempty_subsets	74	gene_linear	0.053346655278343987	7.0
all_nonempty_subsets	74	pca_latent	0.37814358698617356	6.0
all_nonempty_subsets	74	scgen_adapted	0.4203025406487612	1.0
all_nonempty_subsets	74	sinkhorn_ot	0.39074435467214663	5.0
all_nonempty_subsets	74	vae_latent	0.4145169654073191	4.0
all_nonempty_subsets	75	cpa_adapted	0.4457341843563429	4.0
all_nonempty_subsets	75	cvae_counterfactual	0.4539499074812186	2.0
all_nonempty_subsets	75	gene_linear	0.056624510472155026	7.0
all_nonempty_subsets	75	pca_latent	0.40759662949155495	6.0
all_nonempty_subsets	75	scgen_adapted	0.4556290585165612	1.0
all_nonempty_subsets	75	sinkhorn_ot	0.4226597630776997	5.0
all_nonempty_subsets	75	vae_latent	0.4499230200740624	3.0
all_nonempty_subsets	76	cpa_adapted	0.4632622227914941	4.0
all_nonempty_subsets	76	cvae_counterfactual	0.48800975275314934	2.0
all_nonempty_subsets	76	gene_linear	0.04891946488164711	7.0
all_nonempty_subsets	76	pca_latent	0.43029713185567203	6.0
all_nonempty_subsets	76	scgen_adapted	0.48819412901934417	1.0
all_nonempty_subsets	76	sinkhorn_ot	0.4557798936503082	5.0
all_nonempty_subsets	76	vae_latent	0.4833133944856434	3.0
all_nonempty_subsets	77	cpa_adapted	0.45279723812269873	4.0
all_nonempty_subsets	77	cvae_counterfactual	0.4704960007110317	2.0
all_nonempty_subsets	77	gene_linear	0.051048529535645024	7.0
all_nonempty_subsets	77	pca_latent	0.41441402317880016	6.0
all_nonempty_subsets	77	scgen_adapted	0.4710743225787388	1.0
all_nonempty_subsets	77	sinkhorn_ot	0.43687160172902506	5.0
all_nonempty_subsets	77	vae_latent	0.4662417280812508	3.0
all_nonempty_subsets	78	cpa_adapted	0.4818174618288755	4.0
all_nonempty_subsets	78	cvae_counterfactual	0.5062241433746487	2.0
all_nonempty_subsets	78	gene_linear	0.05132122781518285	7.0
all_nonempty_subsets	78	pca_latent	0.4435751231869952	6.0
all_nonempty_subsets	78	scgen_adapted	0.5067907620291864	1.0
all_nonempty_subsets	78	sinkhorn_ot	0.4681975365078182	5.0
all_nonempty_subsets	78	vae_latent	0.5015525633406653	3.0
all_nonempty_subsets	79	cpa_adapted	0.385229846414028	4.0
all_nonempty_subsets	79	cvae_counterfactual	0.39405059368890644	2.0
all_nonempty_subsets	79	gene_linear	0.04040953956885214	7.0
all_nonempty_subsets	79	pca_latent	0.35354607058841125	6.0
all_nonempty_subsets	79	scgen_adapted	0.3953294338140252	1.0
all_nonempty_subsets	79	sinkhorn_ot	0.37510141119239	5.0
all_nonempty_subsets	79	vae_latent	0.38989756159746075	3.0
all_nonempty_subsets	80	cpa_adapted	0.3754821955256554	2.0
all_nonempty_subsets	80	cvae_counterfactual	0.37536633696545196	3.0
all_nonempty_subsets	80	gene_linear	0.0411384102415627	7.0
all_nonempty_subsets	80	pca_latent	0.3352026403500558	6.0
all_nonempty_subsets	80	scgen_adapted	0.37716662399329093	1.0
all_nonempty_subsets	80	sinkhorn_ot	0.3522096114791327	5.0
all_nonempty_subsets	80	vae_latent	0.37143031720873215	4.0
all_nonempty_subsets	81	cpa_adapted	0.4025727752916168	4.0
all_nonempty_subsets	81	cvae_counterfactual	0.40937663557016	2.0
all_nonempty_subsets	81	gene_linear	0.04320660328923589	7.0
all_nonempty_subsets	81	pca_latent	0.3643144609274591	6.0
all_nonempty_subsets	81	scgen_adapted	0.41165939575462096	1.0
all_nonempty_subsets	81	sinkhorn_ot	0.3836254020855663	5.0
all_nonempty_subsets	81	vae_latent	0.4051860687465228	3.0
