accession	resource	file_name	relative_path	source_url	sha256	extract_tar	extract_to
GSE216046	bulk counts	GSE216046_gene_count.csv.gz	02_raw/GSE216046/GSE216046_gene_count.csv.gz	https://ftp.ncbi.nlm.nih.gov/geo/series/GSE216nnn/GSE216046/suppl/GSE216046_gene_count.csv.gz	31c0d071404e961d0b3c5f20a5c37cf4930f2ed9cab6866d9b78fb0855b3bd51	false	
GSE216046	GEO metadata	GSE216046_family.soft.gz	02_raw/GSE216046/GSE216046_family.soft.gz	https://ftp.ncbi.nlm.nih.gov/geo/series/GSE216nnn/GSE216046/soft/GSE216046_family.soft.gz	cdd2a08b42836799303d9b6d8d6afc47550a0f99164459944e670f18d677775e	false	
GSE151974	raw UMI matrix	GSE151974_raw_umi_matrix_postfilter.csv.gz	02_raw/GSE151974/GSE151974_raw_umi_matrix_postfilter.csv.gz	https://ftp.ncbi.nlm.nih.gov/geo/series/GSE151nnn/GSE151974/suppl/GSE151974_raw_umi_matrix_postfilter.csv.gz	bc6ccc08ee26c1f316dc5f9afb77f1137326b84116aa051ee8dcbbb586e9bac5	false	
GSE151974	cell metadata	GSE151974_cell_metadata_postfilter.csv.gz	02_raw/GSE151974/GSE151974_cell_metadata_postfilter.csv.gz	https://ftp.ncbi.nlm.nih.gov/geo/series/GSE151nnn/GSE151974/suppl/GSE151974_cell_metadata_postfilter.csv.gz	400648134e796f002d01139e36e0c7bed54a2f999d7c8dab3fdb2f19c7612573	false	
GSE275938	raw H5 archive	GSE275938_RAW.tar	02_raw/GSE275938/GSE275938_RAW.tar	https://ftp.ncbi.nlm.nih.gov/geo/series/GSE275nnn/GSE275938/suppl/GSE275938_RAW.tar	e0eeea687acf34fce117b1fd98ce4b5bb5e9e2550246e706573a4c7bc0712029	true	02_raw/GSE275938/GSE275938_RAW
GSE275938	cell metadata	GSE275938_cell_metadata.csv.gz	02_raw/GSE275938/GSE275938_cell_metadata.csv.gz	https://ftp.ncbi.nlm.nih.gov/geo/series/GSE275nnn/GSE275938/suppl/GSE275938_cell_metadata.csv.gz	d3090873b341d2da6c937c8764ccc218f27916b774461c6ac7aa2a2f85a0bebe	false	
NCBI_Gene	mouse gene_info	Mus_musculus.gene_info.gz	external_data/Mus_musculus.gene_info_20260730.gz	https://ftp.ncbi.nlm.nih.gov/gene/DATA/GENE_INFO/Mammalia/Mus_musculus.gene_info.gz	db8f20ba34fc380815565e22af49a71a7b5fb05f25be2d1578c9ca916e13af5d	false	
NCBI_Gene	human gene_info	Homo_sapiens.gene_info.gz	external_data/Homo_sapiens.gene_info_20260730.gz	https://ftp.ncbi.nlm.nih.gov/gene/DATA/GENE_INFO/Mammalia/Homo_sapiens.gene_info.gz	a93818d0f91076b70ba3ebf2c7d411b2c0182d8b7adb922e327cf690e860a63b	false	
NCBI_Gene	gene orthologs	gene_orthologs.gz	external_data/gene_orthologs_20260730.gz	https://ftp.ncbi.nlm.nih.gov/gene/DATA/gene_orthologs.gz	d131491cbfbb5cfc191f1e58a1a171ea51cb802dc8c0f6deb85e17b8f166e3fa	false	
