sample	condition	subtype	gene	raw_count	detected	log2CPM_TMM	log2CPM_library	subset_definition
BPD 1	BPD	All Endothelial	APLN	10	True	3.72677960223071	3.88676028985817	post-projection exploratory annotation: one-to-one ortholog, mouse high-confidence breadth >=3, expression-eligible, and direction-concordant in every BPD+PH-versus-BPD donor pairing within All Endothelial, gCap, and aCap
BPD 1	BPD	All Endothelial	BAX	22	True	4.84728500109815	5.01020190803645	post-projection exploratory annotation: one-to-one ortholog, mouse high-confidence breadth >=3, expression-eligible, and direction-concordant in every BPD+PH-versus-BPD donor pairing within All Endothelial, gCap, and aCap
BPD 1	BPD	All Endothelial	CCN2	52	True	6.08004908276319	6.24440037562036	post-projection exploratory annotation: one-to-one ortholog, mouse high-confidence breadth >=3, expression-eligible, and direction-concordant in every BPD+PH-versus-BPD donor pairing within All Endothelial, gCap, and aCap
BPD 1	BPD	All Endothelial	CCND1	116	True	7.23424141685945	7.39917733201616	post-projection exploratory annotation: one-to-one ortholog, mouse high-confidence breadth >=3, expression-eligible, and direction-concordant in every BPD+PH-versus-BPD donor pairing within All Endothelial, gCap, and aCap
BPD 1	BPD	All Endothelial	CCNG1	9	True	3.57821467115352	3.73760493156863	post-projection exploratory annotation: one-to-one ortholog, mouse high-confidence breadth >=3, expression-eligible, and direction-concordant in every BPD+PH-versus-BPD donor pairing within All Endothelial, gCap, and aCap
BPD 1	BPD	All Endothelial	CDKN1A	68	True	6.46564493084648	6.63024524500468	post-projection exploratory annotation: one-to-one ortholog, mouse high-confidence breadth >=3, expression-eligible, and direction-concordant in every BPD+PH-versus-BPD donor pairing within All Endothelial, gCap, and aCap
BPD 1	BPD	All Endothelial	COL18A1	38	True	5.62976885775105	5.79373113739352	post-projection exploratory annotation: one-to-one ortholog, mouse high-confidence breadth >=3, expression-eligible, and direction-concordant in every BPD+PH-versus-BPD donor pairing within All Endothelial, gCap, and aCap
BPD 1	BPD	All Endothelial	ECM1	3	True	2.06034881390836	2.20844760217681	post-projection exploratory annotation: one-to-one ortholog, mouse high-confidence breadth >=3, expression-eligible, and direction-concordant in every BPD+PH-versus-BPD donor pairing within All Endothelial, gCap, and aCap
BPD 1	BPD	All Endothelial	GDF15	3	True	2.06034881390836	2.20844760217681	post-projection exploratory annotation: one-to-one ortholog, mouse high-confidence breadth >=3, expression-eligible, and direction-concordant in every BPD+PH-versus-BPD donor pairing within All Endothelial, gCap, and aCap
BPD 1	BPD	All Endothelial	LGALS1	82	True	6.73494152108611	6.89968020589238	post-projection exploratory annotation: one-to-one ortholog, mouse high-confidence breadth >=3, expression-eligible, and direction-concordant in every BPD+PH-versus-BPD donor pairing within All Endothelial, gCap, and aCap
BPD 1	BPD	All Endothelial	MAP1B	35	True	5.51183422664341	5.67567288750704	post-projection exploratory annotation: one-to-one ortholog, mouse high-confidence breadth >=3, expression-eligible, and direction-concordant in every BPD+PH-versus-BPD donor pairing within All Endothelial, gCap, and aCap
BPD 1	BPD	All Endothelial	PHLDA3	3	True	2.06034881390836	2.20844760217681	post-projection exploratory annotation: one-to-one ortholog, mouse high-confidence breadth >=3, expression-eligible, and direction-concordant in every BPD+PH-versus-BPD donor pairing within All Endothelial, gCap, and aCap
BPD 1	BPD	All Endothelial	RPS27L	55	True	6.16063833554825	6.32504731603621	post-projection exploratory annotation: one-to-one ortholog, mouse high-confidence breadth >=3, expression-eligible, and direction-concordant in every BPD+PH-versus-BPD donor pairing within All Endothelial, gCap, and aCap
BPD 1	BPD	All Endothelial	S100A6	678	True	9.77914202247353	9.94447307337643	post-projection exploratory annotation: one-to-one ortholog, mouse high-confidence breadth >=3, expression-eligible, and direction-concordant in every BPD+PH-versus-BPD donor pairing within All Endothelial, gCap, and aCap
BPD 1	BPD	All Endothelial	TINAGL1	33	True	5.42749003933494	5.59123387624453	post-projection exploratory annotation: one-to-one ortholog, mouse high-confidence breadth >=3, expression-eligible, and direction-concordant in every BPD+PH-versus-BPD donor pairing within All Endothelial, gCap, and aCap
BPD 1	BPD	All Endothelial	ZFP36L2	214	True	8.1164793482739	8.28163342289387	post-projection exploratory annotation: one-to-one ortholog, mouse high-confidence breadth >=3, expression-eligible, and direction-concordant in every BPD+PH-versus-BPD donor pairing within All Endothelial, gCap, and aCap
BPD 1	BPD	All Endothelial	ZMAT3	6	True	3.01032114084219	3.16679739481981	post-projection exploratory annotation: one-to-one ortholog, mouse high-confidence breadth >=3, expression-eligible, and direction-concordant in every BPD+PH-versus-BPD donor pairing within All Endothelial, gCap, and aCap
BPD 2	BPD	All Endothelial	APLN	8	True	3.22740695964659	3.40734331934938	post-projection exploratory annotation: one-to-one ortholog, mouse high-confidence breadth >=3, expression-eligible, and direction-concordant in every BPD+PH-versus-BPD donor pairing within All Endothelial, gCap, and aCap
BPD 2	BPD	All Endothelial	BAX	20	True	4.5228165392712	4.70764964246478	post-projection exploratory annotation: one-to-one ortholog, mouse high-confidence breadth >=3, expression-eligible, and direction-concordant in every BPD+PH-versus-BPD donor pairing within All Endothelial, gCap, and aCap
BPD 2	BPD	All Endothelial	CCN2	61	True	6.1195831656453	6.30666430318861	post-projection exploratory annotation: one-to-one ortholog, mouse high-confidence breadth >=3, expression-eligible, and direction-concordant in every BPD+PH-versus-BPD donor pairing within All Endothelial, gCap, and aCap
BPD 2	BPD	All Endothelial	CCND1	156	True	7.47065120697058	7.65840674240625	post-projection exploratory annotation: one-to-one ortholog, mouse high-confidence breadth >=3, expression-eligible, and direction-concordant in every BPD+PH-versus-BPD donor pairing within All Endothelial, gCap, and aCap
BPD 2	BPD	All Endothelial	CCNG1	12	True	3.79769717019244	3.98033375229066	post-projection exploratory annotation: one-to-one ortholog, mouse high-confidence breadth >=3, expression-eligible, and direction-concordant in every BPD+PH-versus-BPD donor pairing within All Endothelial, gCap, and aCap
BPD 2	BPD	All Endothelial	CDKN1A	60	True	6.09583473756168	6.28289746069207	post-projection exploratory annotation: one-to-one ortholog, mouse high-confidence breadth >=3, expression-eligible, and direction-concordant in every BPD+PH-versus-BPD donor pairing within All Endothelial, gCap, and aCap
BPD 2	BPD	All Endothelial	COL18A1	54	True	5.94449781715266	6.13143579141383	post-projection exploratory annotation: one-to-one ortholog, mouse high-confidence breadth >=3, expression-eligible, and direction-concordant in every BPD+PH-versus-BPD donor pairing within All Endothelial, gCap, and aCap
BPD 2	BPD	All Endothelial	ECM1	0	False	-1.81448895337973	-1.92662628520422	post-projection exploratory annotation: one-to-one ortholog, mouse high-confidence breadth >=3, expression-eligible, and direction-concordant in every BPD+PH-versus-BPD donor pairing within All Endothelial, gCap, and aCap
BPD 2	BPD	All Endothelial	GDF15	1	True	0.505378433680726	0.638217017082357	post-projection exploratory annotation: one-to-one ortholog, mouse high-confidence breadth >=3, expression-eligible, and direction-concordant in every BPD+PH-versus-BPD donor pairing within All Endothelial, gCap, and aCap
BPD 2	BPD	All Endothelial	LGALS1	143	True	7.34533053059823	7.5330466154294	post-projection exploratory annotation: one-to-one ortholog, mouse high-confidence breadth >=3, expression-eligible, and direction-concordant in every BPD+PH-versus-BPD donor pairing within All Endothelial, gCap, and aCap
BPD 2	BPD	All Endothelial	MAP1B	18	True	4.37279458396848	4.55725932188051	post-projection exploratory annotation: one-to-one ortholog, mouse high-confidence breadth >=3, expression-eligible, and direction-concordant in every BPD+PH-versus-BPD donor pairing within All Endothelial, gCap, and aCap
BPD 2	BPD	All Endothelial	PHLDA3	4	True	2.27054921997477	2.44267472633918	post-projection exploratory annotation: one-to-one ortholog, mouse high-confidence breadth >=3, expression-eligible, and direction-concordant in every BPD+PH-versus-BPD donor pairing within All Endothelial, gCap, and aCap
BPD 2	BPD	All Endothelial	RPS27L	56	True	5.9967273534161	6.18370986885857	post-projection exploratory annotation: one-to-one ortholog, mouse high-confidence breadth >=3, expression-eligible, and direction-concordant in every BPD+PH-versus-BPD donor pairing within All Endothelial, gCap, and aCap
BPD 2	BPD	All Endothelial	S100A6	637	True	9.49865137124475	9.68673499132352	post-projection exploratory annotation: one-to-one ortholog, mouse high-confidence breadth >=3, expression-eligible, and direction-concordant in every BPD+PH-versus-BPD donor pairing within All Endothelial, gCap, and aCap
BPD 2	BPD	All Endothelial	TINAGL1	39	True	5.47757187489219	5.66403101718311	post-projection exploratory annotation: one-to-one ortholog, mouse high-confidence breadth >=3, expression-eligible, and direction-concordant in every BPD+PH-versus-BPD donor pairing within All Endothelial, gCap, and aCap
BPD 2	BPD	All Endothelial	ZFP36L2	371	True	8.71918365374172	8.90719091857856	post-projection exploratory annotation: one-to-one ortholog, mouse high-confidence breadth >=3, expression-eligible, and direction-concordant in every BPD+PH-versus-BPD donor pairing within All Endothelial, gCap, and aCap
BPD 2	BPD	All Endothelial	ZMAT3	6	True	2.82689403355178	3.00417935588039	post-projection exploratory annotation: one-to-one ortholog, mouse high-confidence breadth >=3, expression-eligible, and direction-concordant in every BPD+PH-versus-BPD donor pairing within All Endothelial, gCap, and aCap
BPD+PH 1	BPD+PH	All Endothelial	APLN	1080	True	7.87402327482412	7.67811791159344	post-projection exploratory annotation: one-to-one ortholog, mouse high-confidence breadth >=3, expression-eligible, and direction-concordant in every BPD+PH-versus-BPD donor pairing within All Endothelial, gCap, and aCap
BPD+PH 1	BPD+PH	All Endothelial	BAX	1109	True	7.91220560700261	7.71629751042038	post-projection exploratory annotation: one-to-one ortholog, mouse high-confidence breadth >=3, expression-eligible, and direction-concordant in every BPD+PH-versus-BPD donor pairing within All Endothelial, gCap, and aCap
BPD+PH 1	BPD+PH	All Endothelial	CCN2	5540	True	10.2314696918746	10.0354800967506	post-projection exploratory annotation: one-to-one ortholog, mouse high-confidence breadth >=3, expression-eligible, and direction-concordant in every BPD+PH-versus-BPD donor pairing within All Endothelial, gCap, and aCap
BPD+PH 1	BPD+PH	All Endothelial	CCND1	3013	True	9.3530705049015	9.15709803039666	post-projection exploratory annotation: one-to-one ortholog, mouse high-confidence breadth >=3, expression-eligible, and direction-concordant in every BPD+PH-versus-BPD donor pairing within All Endothelial, gCap, and aCap
BPD+PH 1	BPD+PH	All Endothelial	CCNG1	211	True	5.5254897279256	5.33001264239959	post-projection exploratory annotation: one-to-one ortholog, mouse high-confidence breadth >=3, expression-eligible, and direction-concordant in every BPD+PH-versus-BPD donor pairing within All Endothelial, gCap, and aCap
BPD+PH 1	BPD+PH	All Endothelial	CDKN1A	917	True	7.6382963528729	7.44240956498314	post-projection exploratory annotation: one-to-one ortholog, mouse high-confidence breadth >=3, expression-eligible, and direction-concordant in every BPD+PH-versus-BPD donor pairing within All Endothelial, gCap, and aCap
BPD+PH 1	BPD+PH	All Endothelial	COL18A1	1246	True	8.08006307857761	7.88414378771974	post-projection exploratory annotation: one-to-one ortholog, mouse high-confidence breadth >=3, expression-eligible, and direction-concordant in every BPD+PH-versus-BPD donor pairing within All Endothelial, gCap, and aCap
BPD+PH 1	BPD+PH	All Endothelial	ECM1	79	True	4.12297387743498	3.92837230321778	post-projection exploratory annotation: one-to-one ortholog, mouse high-confidence breadth >=3, expression-eligible, and direction-concordant in every BPD+PH-versus-BPD donor pairing within All Endothelial, gCap, and aCap
BPD+PH 1	BPD+PH	All Endothelial	GDF15	2007	True	8.76722479432142	8.57127112547019	post-projection exploratory annotation: one-to-one ortholog, mouse high-confidence breadth >=3, expression-eligible, and direction-concordant in every BPD+PH-versus-BPD donor pairing within All Endothelial, gCap, and aCap
BPD+PH 1	BPD+PH	All Endothelial	LGALS1	7531	True	10.6743349596402	10.4783399663203	post-projection exploratory annotation: one-to-one ortholog, mouse high-confidence breadth >=3, expression-eligible, and direction-concordant in every BPD+PH-versus-BPD donor pairing within All Endothelial, gCap, and aCap
BPD+PH 1	BPD+PH	All Endothelial	MAP1B	507	True	6.78502426945499	6.58923687018418	post-projection exploratory annotation: one-to-one ortholog, mouse high-confidence breadth >=3, expression-eligible, and direction-concordant in every BPD+PH-versus-BPD donor pairing within All Endothelial, gCap, and aCap
BPD+PH 1	BPD+PH	All Endothelial	PHLDA3	270	True	5.87925897429395	5.68366601248094	post-projection exploratory annotation: one-to-one ortholog, mouse high-confidence breadth >=3, expression-eligible, and direction-concordant in every BPD+PH-versus-BPD donor pairing within All Endothelial, gCap, and aCap
BPD+PH 1	BPD+PH	All Endothelial	RPS27L	2286	True	8.95489468473499	8.7589341427353	post-projection exploratory annotation: one-to-one ortholog, mouse high-confidence breadth >=3, expression-eligible, and direction-concordant in every BPD+PH-versus-BPD donor pairing within All Endothelial, gCap, and aCap
BPD+PH 1	BPD+PH	All Endothelial	S100A6	45268	True	13.2617039243042	13.0656964066096	post-projection exploratory annotation: one-to-one ortholog, mouse high-confidence breadth >=3, expression-eligible, and direction-concordant in every BPD+PH-versus-BPD donor pairing within All Endothelial, gCap, and aCap
BPD+PH 1	BPD+PH	All Endothelial	TINAGL1	800	True	7.44167567913702	7.24580688323479	post-projection exploratory annotation: one-to-one ortholog, mouse high-confidence breadth >=3, expression-eligible, and direction-concordant in every BPD+PH-versus-BPD donor pairing within All Endothelial, gCap, and aCap
BPD+PH 1	BPD+PH	All Endothelial	ZFP36L2	596	True	7.01779534472244	6.82197477722482	post-projection exploratory annotation: one-to-one ortholog, mouse high-confidence breadth >=3, expression-eligible, and direction-concordant in every BPD+PH-versus-BPD donor pairing within All Endothelial, gCap, and aCap
BPD+PH 1	BPD+PH	All Endothelial	ZMAT3	230	True	5.64914479437571	5.45362394086224	post-projection exploratory annotation: one-to-one ortholog, mouse high-confidence breadth >=3, expression-eligible, and direction-concordant in every BPD+PH-versus-BPD donor pairing within All Endothelial, gCap, and aCap
BPD+PH 2	BPD+PH	All Endothelial	APLN	181	True	7.87376424471399	7.71622755038234	post-projection exploratory annotation: one-to-one ortholog, mouse high-confidence breadth >=3, expression-eligible, and direction-concordant in every BPD+PH-versus-BPD donor pairing within All Endothelial, gCap, and aCap
BPD+PH 2	BPD+PH	All Endothelial	BAX	205	True	8.05319371467586	7.89565047449285	post-projection exploratory annotation: one-to-one ortholog, mouse high-confidence breadth >=3, expression-eligible, and direction-concordant in every BPD+PH-versus-BPD donor pairing within All Endothelial, gCap, and aCap
BPD+PH 2	BPD+PH	All Endothelial	CCN2	1292	True	10.7078041932472	10.5502193753459	post-projection exploratory annotation: one-to-one ortholog, mouse high-confidence breadth >=3, expression-eligible, and direction-concordant in every BPD+PH-versus-BPD donor pairing within All Endothelial, gCap, and aCap
BPD+PH 2	BPD+PH	All Endothelial	CCND1	573	True	9.53511285962039	9.37753788778324	post-projection exploratory annotation: one-to-one ortholog, mouse high-confidence breadth >=3, expression-eligible, and direction-concordant in every BPD+PH-versus-BPD donor pairing within All Endothelial, gCap, and aCap
BPD+PH 2	BPD+PH	All Endothelial	CCNG1	34	True	5.4689220892499	5.3116258192049	post-projection exploratory annotation: one-to-one ortholog, mouse high-confidence breadth >=3, expression-eligible, and direction-concordant in every BPD+PH-versus-BPD donor pairing within All Endothelial, gCap, and aCap
BPD+PH 2	BPD+PH	All Endothelial	CDKN1A	156	True	7.65960079250871	7.50207305545087	post-projection exploratory annotation: one-to-one ortholog, mouse high-confidence breadth >=3, expression-eligible, and direction-concordant in every BPD+PH-versus-BPD donor pairing within All Endothelial, gCap, and aCap
BPD+PH 2	BPD+PH	All Endothelial	COL18A1	224	True	8.1809375492717	8.02339012075056	post-projection exploratory annotation: one-to-one ortholog, mouse high-confidence breadth >=3, expression-eligible, and direction-concordant in every BPD+PH-versus-BPD donor pairing within All Endothelial, gCap, and aCap
BPD+PH 2	BPD+PH	All Endothelial	ECM1	11	True	3.86012559966609	3.70343674648581	post-projection exploratory annotation: one-to-one ortholog, mouse high-confidence breadth >=3, expression-eligible, and direction-concordant in every BPD+PH-versus-BPD donor pairing within All Endothelial, gCap, and aCap
BPD+PH 2	BPD+PH	All Endothelial	GDF15	361	True	8.8689011840877	8.71133659784958	post-projection exploratory annotation: one-to-one ortholog, mouse high-confidence breadth >=3, expression-eligible, and direction-concordant in every BPD+PH-versus-BPD donor pairing within All Endothelial, gCap, and aCap
BPD+PH 2	BPD+PH	All Endothelial	LGALS1	1271	True	10.6841662054872	10.5265815172605	post-projection exploratory annotation: one-to-one ortholog, mouse high-confidence breadth >=3, expression-eligible, and direction-concordant in every BPD+PH-versus-BPD donor pairing within All Endothelial, gCap, and aCap
BPD+PH 2	BPD+PH	All Endothelial	MAP1B	85	True	6.78528296552793	6.62780932260923	post-projection exploratory annotation: one-to-one ortholog, mouse high-confidence breadth >=3, expression-eligible, and direction-concordant in every BPD+PH-versus-BPD donor pairing within All Endothelial, gCap, and aCap
BPD+PH 2	BPD+PH	All Endothelial	PHLDA3	63	True	6.35446994479812	6.1970377193625	post-projection exploratory annotation: one-to-one ortholog, mouse high-confidence breadth >=3, expression-eligible, and direction-concordant in every BPD+PH-versus-BPD donor pairing within All Endothelial, gCap, and aCap
BPD+PH 2	BPD+PH	All Endothelial	RPS27L	453	True	9.19623521267538	9.03866492617091	post-projection exploratory annotation: one-to-one ortholog, mouse high-confidence breadth >=3, expression-eligible, and direction-concordant in every BPD+PH-versus-BPD donor pairing within All Endothelial, gCap, and aCap
BPD+PH 2	BPD+PH	All Endothelial	S100A6	7531	True	13.2508363880542	13.0932450672543	post-projection exploratory annotation: one-to-one ortholog, mouse high-confidence breadth >=3, expression-eligible, and direction-concordant in every BPD+PH-versus-BPD donor pairing within All Endothelial, gCap, and aCap
BPD+PH 2	BPD+PH	All Endothelial	TINAGL1	148	True	7.58376158737568	7.42623735479675	post-projection exploratory annotation: one-to-one ortholog, mouse high-confidence breadth >=3, expression-eligible, and direction-concordant in every BPD+PH-versus-BPD donor pairing within All Endothelial, gCap, and aCap
BPD+PH 2	BPD+PH	All Endothelial	ZFP36L2	83	True	6.75102106396442	6.59355028142116	post-projection exploratory annotation: one-to-one ortholog, mouse high-confidence breadth >=3, expression-eligible, and direction-concordant in every BPD+PH-versus-BPD donor pairing within All Endothelial, gCap, and aCap
BPD+PH 2	BPD+PH	All Endothelial	ZMAT3	52	True	6.07868973162658	5.92129130085593	post-projection exploratory annotation: one-to-one ortholog, mouse high-confidence breadth >=3, expression-eligible, and direction-concordant in every BPD+PH-versus-BPD donor pairing within All Endothelial, gCap, and aCap
BPD 1	BPD	aCap	APLN	9	True	7.01501217813728	7.17517442900163	post-projection exploratory annotation: one-to-one ortholog, mouse high-confidence breadth >=3, expression-eligible, and direction-concordant in every BPD+PH-versus-BPD donor pairing within All Endothelial, gCap, and aCap
BPD 1	BPD	aCap	BAX	0	False	1.35838704292938	1.15027289730617	post-projection exploratory annotation: one-to-one ortholog, mouse high-confidence breadth >=3, expression-eligible, and direction-concordant in every BPD+PH-versus-BPD donor pairing within All Endothelial, gCap, and aCap
BPD 1	BPD	aCap	CCN2	0	False	1.35838704292938	1.15027289730617	post-projection exploratory annotation: one-to-one ortholog, mouse high-confidence breadth >=3, expression-eligible, and direction-concordant in every BPD+PH-versus-BPD donor pairing within All Endothelial, gCap, and aCap
BPD 1	BPD	aCap	CCND1	7	True	6.66059037304277	6.8189208907934	post-projection exploratory annotation: one-to-one ortholog, mouse high-confidence breadth >=3, expression-eligible, and direction-concordant in every BPD+PH-versus-BPD donor pairing within All Endothelial, gCap, and aCap
BPD 1	BPD	aCap	CCNG1	0	False	1.35838704292938	1.15027289730617	post-projection exploratory annotation: one-to-one ortholog, mouse high-confidence breadth >=3, expression-eligible, and direction-concordant in every BPD+PH-versus-BPD donor pairing within All Endothelial, gCap, and aCap
BPD 1	BPD	aCap	CDKN1A	2	True	4.94186606781029	5.08078434522977	post-projection exploratory annotation: one-to-one ortholog, mouse high-confidence breadth >=3, expression-eligible, and direction-concordant in every BPD+PH-versus-BPD donor pairing within All Endothelial, gCap, and aCap
BPD 1	BPD	aCap	COL18A1	5	True	6.18971546130695	6.34479460988235	post-projection exploratory annotation: one-to-one ortholog, mouse high-confidence breadth >=3, expression-eligible, and direction-concordant in every BPD+PH-versus-BPD donor pairing within All Endothelial, gCap, and aCap
BPD 1	BPD	aCap	ECM1	1	True	4.05745745292865	4.17242872261756	post-projection exploratory annotation: one-to-one ortholog, mouse high-confidence breadth >=3, expression-eligible, and direction-concordant in every BPD+PH-versus-BPD donor pairing within All Endothelial, gCap, and aCap
BPD 1	BPD	aCap	GDF15	0	False	1.35838704292938	1.15027289730617	post-projection exploratory annotation: one-to-one ortholog, mouse high-confidence breadth >=3, expression-eligible, and direction-concordant in every BPD+PH-versus-BPD donor pairing within All Endothelial, gCap, and aCap
BPD 1	BPD	aCap	LGALS1	18	True	8.00064101287274	8.16405349525568	post-projection exploratory annotation: one-to-one ortholog, mouse high-confidence breadth >=3, expression-eligible, and direction-concordant in every BPD+PH-versus-BPD donor pairing within All Endothelial, gCap, and aCap
BPD 1	BPD	aCap	MAP1B	1	True	4.05745745292865	4.17242872261756	post-projection exploratory annotation: one-to-one ortholog, mouse high-confidence breadth >=3, expression-eligible, and direction-concordant in every BPD+PH-versus-BPD donor pairing within All Endothelial, gCap, and aCap
BPD 1	BPD	aCap	PHLDA3	0	False	1.35838704292938	1.15027289730617	post-projection exploratory annotation: one-to-one ortholog, mouse high-confidence breadth >=3, expression-eligible, and direction-concordant in every BPD+PH-versus-BPD donor pairing within All Endothelial, gCap, and aCap
BPD 1	BPD	aCap	RPS27L	7	True	6.66059037304277	6.8189208907934	post-projection exploratory annotation: one-to-one ortholog, mouse high-confidence breadth >=3, expression-eligible, and direction-concordant in every BPD+PH-versus-BPD donor pairing within All Endothelial, gCap, and aCap
BPD 1	BPD	aCap	S100A6	146	True	11.0078223352368	11.1741321668726	post-projection exploratory annotation: one-to-one ortholog, mouse high-confidence breadth >=3, expression-eligible, and direction-concordant in every BPD+PH-versus-BPD donor pairing within All Endothelial, gCap, and aCap
BPD 1	BPD	aCap	TINAGL1	6	True	6.44427909753245	6.60124779227027	post-projection exploratory annotation: one-to-one ortholog, mouse high-confidence breadth >=3, expression-eligible, and direction-concordant in every BPD+PH-versus-BPD donor pairing within All Endothelial, gCap, and aCap
BPD 1	BPD	aCap	ZFP36L2	16	True	7.83252025544861	7.9955233076651	post-projection exploratory annotation: one-to-one ortholog, mouse high-confidence breadth >=3, expression-eligible, and direction-concordant in every BPD+PH-versus-BPD donor pairing within All Endothelial, gCap, and aCap
BPD 1	BPD	aCap	ZMAT3	0	False	1.35838704292938	1.15027289730617	post-projection exploratory annotation: one-to-one ortholog, mouse high-confidence breadth >=3, expression-eligible, and direction-concordant in every BPD+PH-versus-BPD donor pairing within All Endothelial, gCap, and aCap
BPD 2	BPD	aCap	APLN	7	True	6.63592288236705	6.85223618410664	post-projection exploratory annotation: one-to-one ortholog, mouse high-confidence breadth >=3, expression-eligible, and direction-concordant in every BPD+PH-versus-BPD donor pairing within All Endothelial, gCap, and aCap
BPD 2	BPD	aCap	BAX	2	True	4.91868026711328	5.11255601541332	post-projection exploratory annotation: one-to-one ortholog, mouse high-confidence breadth >=3, expression-eligible, and direction-concordant in every BPD+PH-versus-BPD donor pairing within All Endothelial, gCap, and aCap
BPD 2	BPD	aCap	CCN2	5	True	6.16529763852282	6.37785292124243	post-projection exploratory annotation: one-to-one ortholog, mouse high-confidence breadth >=3, expression-eligible, and direction-concordant in every BPD+PH-versus-BPD donor pairing within All Endothelial, gCap, and aCap
BPD 2	BPD	aCap	CCND1	21	True	8.19587352767629	8.41860278268666	post-projection exploratory annotation: one-to-one ortholog, mouse high-confidence breadth >=3, expression-eligible, and direction-concordant in every BPD+PH-versus-BPD donor pairing within All Endothelial, gCap, and aCap
BPD 2	BPD	aCap	CCNG1	0	False	1.35838704292938	1.15027289730617	post-projection exploratory annotation: one-to-one ortholog, mouse high-confidence breadth >=3, expression-eligible, and direction-concordant in every BPD+PH-versus-BPD donor pairing within All Endothelial, gCap, and aCap
BPD 2	BPD	aCap	CDKN1A	0	False	1.35838704292938	1.15027289730617	post-projection exploratory annotation: one-to-one ortholog, mouse high-confidence breadth >=3, expression-eligible, and direction-concordant in every BPD+PH-versus-BPD donor pairing within All Endothelial, gCap, and aCap
BPD 2	BPD	aCap	COL18A1	0	False	1.35838704292938	1.15027289730617	post-projection exploratory annotation: one-to-one ortholog, mouse high-confidence breadth >=3, expression-eligible, and direction-concordant in every BPD+PH-versus-BPD donor pairing within All Endothelial, gCap, and aCap
BPD 2	BPD	aCap	ECM1	0	False	1.35838704292938	1.15027289730617	post-projection exploratory annotation: one-to-one ortholog, mouse high-confidence breadth >=3, expression-eligible, and direction-concordant in every BPD+PH-versus-BPD donor pairing within All Endothelial, gCap, and aCap
BPD 2	BPD	aCap	GDF15	0	False	1.35838704292938	1.15027289730617	post-projection exploratory annotation: one-to-one ortholog, mouse high-confidence breadth >=3, expression-eligible, and direction-concordant in every BPD+PH-versus-BPD donor pairing within All Endothelial, gCap, and aCap
BPD 2	BPD	aCap	LGALS1	21	True	8.19587352767629	8.41860278268666	post-projection exploratory annotation: one-to-one ortholog, mouse high-confidence breadth >=3, expression-eligible, and direction-concordant in every BPD+PH-versus-BPD donor pairing within All Endothelial, gCap, and aCap
BPD 2	BPD	aCap	MAP1B	3	True	5.46228971100791	5.66633156918166	post-projection exploratory annotation: one-to-one ortholog, mouse high-confidence breadth >=3, expression-eligible, and direction-concordant in every BPD+PH-versus-BPD donor pairing within All Endothelial, gCap, and aCap
BPD 2	BPD	aCap	PHLDA3	1	True	4.03607016987018	4.20226500307734	post-projection exploratory annotation: one-to-one ortholog, mouse high-confidence breadth >=3, expression-eligible, and direction-concordant in every BPD+PH-versus-BPD donor pairing within All Endothelial, gCap, and aCap
BPD 2	BPD	aCap	RPS27L	6	True	6.41971625300219	6.63445552577021	post-projection exploratory annotation: one-to-one ortholog, mouse high-confidence breadth >=3, expression-eligible, and direction-concordant in every BPD+PH-versus-BPD donor pairing within All Endothelial, gCap, and aCap
BPD 2	BPD	aCap	S100A6	105	True	10.5076741881775	10.7330248788262	post-projection exploratory annotation: one-to-one ortholog, mouse high-confidence breadth >=3, expression-eligible, and direction-concordant in every BPD+PH-versus-BPD donor pairing within All Endothelial, gCap, and aCap
BPD 2	BPD	aCap	TINAGL1	1	True	4.03607016987018	4.20226500307734	post-projection exploratory annotation: one-to-one ortholog, mouse high-confidence breadth >=3, expression-eligible, and direction-concordant in every BPD+PH-versus-BPD donor pairing within All Endothelial, gCap, and aCap
BPD 2	BPD	aCap	ZFP36L2	42	True	9.18955221720754	9.41391611184658	post-projection exploratory annotation: one-to-one ortholog, mouse high-confidence breadth >=3, expression-eligible, and direction-concordant in every BPD+PH-versus-BPD donor pairing within All Endothelial, gCap, and aCap
BPD 2	BPD	aCap	ZMAT3	0	False	1.35838704292938	1.15027289730617	post-projection exploratory annotation: one-to-one ortholog, mouse high-confidence breadth >=3, expression-eligible, and direction-concordant in every BPD+PH-versus-BPD donor pairing within All Endothelial, gCap, and aCap
BPD+PH 1	BPD+PH	aCap	APLN	221	True	8.73007924417049	8.40174039908328	post-projection exploratory annotation: one-to-one ortholog, mouse high-confidence breadth >=3, expression-eligible, and direction-concordant in every BPD+PH-versus-BPD donor pairing within All Endothelial, gCap, and aCap
BPD+PH 1	BPD+PH	aCap	BAX	126	True	7.92600961221837	7.59823884701137	post-projection exploratory annotation: one-to-one ortholog, mouse high-confidence breadth >=3, expression-eligible, and direction-concordant in every BPD+PH-versus-BPD donor pairing within All Endothelial, gCap, and aCap
BPD+PH 1	BPD+PH	aCap	CCN2	206	True	8.62931137752007	8.30102763087868	post-projection exploratory annotation: one-to-one ortholog, mouse high-confidence breadth >=3, expression-eligible, and direction-concordant in every BPD+PH-versus-BPD donor pairing within All Endothelial, gCap, and aCap
BPD+PH 1	BPD+PH	aCap	CCND1	507	True	9.9230962680633	9.59432885584473	post-projection exploratory annotation: one-to-one ortholog, mouse high-confidence breadth >=3, expression-eligible, and direction-concordant in every BPD+PH-versus-BPD donor pairing within All Endothelial, gCap, and aCap
BPD+PH 1	BPD+PH	aCap	CCNG1	20	True	5.34909805461154	5.02791434140289	post-projection exploratory annotation: one-to-one ortholog, mouse high-confidence breadth >=3, expression-eligible, and direction-concordant in every BPD+PH-versus-BPD donor pairing within All Endothelial, gCap, and aCap
BPD+PH 1	BPD+PH	aCap	CDKN1A	67	True	7.02815078255934	6.70152714344655	post-projection exploratory annotation: one-to-one ortholog, mouse high-confidence breadth >=3, expression-eligible, and direction-concordant in every BPD+PH-versus-BPD donor pairing within All Endothelial, gCap, and aCap
BPD+PH 1	BPD+PH	aCap	COL18A1	164	True	8.30275316278178	7.97467685773005	post-projection exploratory annotation: one-to-one ortholog, mouse high-confidence breadth >=3, expression-eligible, and direction-concordant in every BPD+PH-versus-BPD donor pairing within All Endothelial, gCap, and aCap
BPD+PH 1	BPD+PH	aCap	ECM1	21	True	5.4151594270196	5.09362229589009	post-projection exploratory annotation: one-to-one ortholog, mouse high-confidence breadth >=3, expression-eligible, and direction-concordant in every BPD+PH-versus-BPD donor pairing within All Endothelial, gCap, and aCap
BPD+PH 1	BPD+PH	aCap	GDF15	107	True	7.69289495362633	7.36535728848665	post-projection exploratory annotation: one-to-one ortholog, mouse high-confidence breadth >=3, expression-eligible, and direction-concordant in every BPD+PH-versus-BPD donor pairing within All Endothelial, gCap, and aCap
BPD+PH 1	BPD+PH	aCap	LGALS1	1140	True	11.0899552607836	10.7610030258288	post-projection exploratory annotation: one-to-one ortholog, mouse high-confidence breadth >=3, expression-eligible, and direction-concordant in every BPD+PH-versus-BPD donor pairing within All Endothelial, gCap, and aCap
BPD+PH 1	BPD+PH	aCap	MAP1B	50	True	6.6155214733726	6.28971706897305	post-projection exploratory annotation: one-to-one ortholog, mouse high-confidence breadth >=3, expression-eligible, and direction-concordant in every BPD+PH-versus-BPD donor pairing within All Endothelial, gCap, and aCap
BPD+PH 1	BPD+PH	aCap	PHLDA3	30	True	5.9034886169862	5.57978367028206	post-projection exploratory annotation: one-to-one ortholog, mouse high-confidence breadth >=3, expression-eligible, and direction-concordant in every BPD+PH-versus-BPD donor pairing within All Endothelial, gCap, and aCap
BPD+PH 1	BPD+PH	aCap	RPS27L	247	True	8.88962666468533	8.56120807908553	post-projection exploratory annotation: one-to-one ortholog, mouse high-confidence breadth >=3, expression-eligible, and direction-concordant in every BPD+PH-versus-BPD donor pairing within All Endothelial, gCap, and aCap
BPD+PH 1	BPD+PH	aCap	S100A6	9866	True	14.2018850322849	13.8728015257513	post-projection exploratory annotation: one-to-one ortholog, mouse high-confidence breadth >=3, expression-eligible, and direction-concordant in every BPD+PH-versus-BPD donor pairing within All Endothelial, gCap, and aCap
BPD+PH 1	BPD+PH	aCap	TINAGL1	100	True	7.59653501325269	7.26910524707085	post-projection exploratory annotation: one-to-one ortholog, mouse high-confidence breadth >=3, expression-eligible, and direction-concordant in every BPD+PH-versus-BPD donor pairing within All Endothelial, gCap, and aCap
BPD+PH 1	BPD+PH	aCap	ZFP36L2	29	True	5.85670835201957	5.53318088962564	post-projection exploratory annotation: one-to-one ortholog, mouse high-confidence breadth >=3, expression-eligible, and direction-concordant in every BPD+PH-versus-BPD donor pairing within All Endothelial, gCap, and aCap
BPD+PH 1	BPD+PH	aCap	ZMAT3	22	True	5.47832781939194	5.15646747559359	post-projection exploratory annotation: one-to-one ortholog, mouse high-confidence breadth >=3, expression-eligible, and direction-concordant in every BPD+PH-versus-BPD donor pairing within All Endothelial, gCap, and aCap
BPD+PH 2	BPD+PH	aCap	APLN	43	True	8.57918979444755	8.51464046533209	post-projection exploratory annotation: one-to-one ortholog, mouse high-confidence breadth >=3, expression-eligible, and direction-concordant in every BPD+PH-versus-BPD donor pairing within All Endothelial, gCap, and aCap
BPD+PH 2	BPD+PH	aCap	BAX	29	True	8.01556752257747	7.95057730019313	post-projection exploratory annotation: one-to-one ortholog, mouse high-confidence breadth >=3, expression-eligible, and direction-concordant in every BPD+PH-versus-BPD donor pairing within All Endothelial, gCap, and aCap
BPD+PH 2	BPD+PH	aCap	CCN2	63	True	9.12713135646218	9.06287344184185	post-projection exploratory annotation: one-to-one ortholog, mouse high-confidence breadth >=3, expression-eligible, and direction-concordant in every BPD+PH-versus-BPD donor pairing within All Endothelial, gCap, and aCap
BPD+PH 2	BPD+PH	aCap	CCND1	107	True	9.88859554163153	9.82459625804424	post-projection exploratory annotation: one-to-one ortholog, mouse high-confidence breadth >=3, expression-eligible, and direction-concordant in every BPD+PH-versus-BPD donor pairing within All Endothelial, gCap, and aCap
BPD+PH 2	BPD+PH	aCap	CCNG1	1	True	3.51082614635513	3.41593726297925	post-projection exploratory annotation: one-to-one ortholog, mouse high-confidence breadth >=3, expression-eligible, and direction-concordant in every BPD+PH-versus-BPD donor pairing within All Endothelial, gCap, and aCap
BPD+PH 2	BPD+PH	aCap	CDKN1A	11	True	6.6402212588571	6.57305553493313	post-projection exploratory annotation: one-to-one ortholog, mouse high-confidence breadth >=3, expression-eligible, and direction-concordant in every BPD+PH-versus-BPD donor pairing within All Endothelial, gCap, and aCap
BPD+PH 2	BPD+PH	aCap	COL18A1	33	True	8.2002469605809	8.13542056323863	post-projection exploratory annotation: one-to-one ortholog, mouse high-confidence breadth >=3, expression-eligible, and direction-concordant in every BPD+PH-versus-BPD donor pairing within All Endothelial, gCap, and aCap
BPD+PH 2	BPD+PH	aCap	ECM1	4	True	5.24426898418511	5.17131126905873	post-projection exploratory annotation: one-to-one ortholog, mouse high-confidence breadth >=3, expression-eligible, and direction-concordant in every BPD+PH-versus-BPD donor pairing within All Endothelial, gCap, and aCap
BPD+PH 2	BPD+PH	aCap	GDF15	36	True	8.32472939675719	8.26000215906166	post-projection exploratory annotation: one-to-one ortholog, mouse high-confidence breadth >=3, expression-eligible, and direction-concordant in every BPD+PH-versus-BPD donor pairing within All Endothelial, gCap, and aCap
BPD+PH 2	BPD+PH	aCap	LGALS1	210	True	10.8594587937156	10.7956416966786	post-projection exploratory annotation: one-to-one ortholog, mouse high-confidence breadth >=3, expression-eligible, and direction-concordant in every BPD+PH-versus-BPD donor pairing within All Endothelial, gCap, and aCap
BPD+PH 2	BPD+PH	aCap	MAP1B	9	True	6.35893203481921	6.29100343100694	post-projection exploratory annotation: one-to-one ortholog, mouse high-confidence breadth >=3, expression-eligible, and direction-concordant in every BPD+PH-versus-BPD donor pairing within All Endothelial, gCap, and aCap
BPD+PH 2	BPD+PH	aCap	PHLDA3	6	True	5.79632896419501	5.72634442926303	post-projection exploratory annotation: one-to-one ortholog, mouse high-confidence breadth >=3, expression-eligible, and direction-concordant in every BPD+PH-versus-BPD donor pairing within All Endothelial, gCap, and aCap
BPD+PH 2	BPD+PH	aCap	RPS27L	56	True	8.95803303049173	8.89369668194423	post-projection exploratory annotation: one-to-one ortholog, mouse high-confidence breadth >=3, expression-eligible, and direction-concordant in every BPD+PH-versus-BPD donor pairing within All Endothelial, gCap, and aCap
BPD+PH 2	BPD+PH	aCap	S100A6	1543	True	13.7350145856864	13.6713613851339	post-projection exploratory annotation: one-to-one ortholog, mouse high-confidence breadth >=3, expression-eligible, and direction-concordant in every BPD+PH-versus-BPD donor pairing within All Endothelial, gCap, and aCap
BPD+PH 2	BPD+PH	aCap	TINAGL1	16	True	7.16915416391263	7.10307540752988	post-projection exploratory annotation: one-to-one ortholog, mouse high-confidence breadth >=3, expression-eligible, and direction-concordant in every BPD+PH-versus-BPD donor pairing within All Endothelial, gCap, and aCap
BPD+PH 2	BPD+PH	aCap	ZFP36L2	6	True	5.79632896419501	5.72634442926303	post-projection exploratory annotation: one-to-one ortholog, mouse high-confidence breadth >=3, expression-eligible, and direction-concordant in every BPD+PH-versus-BPD donor pairing within All Endothelial, gCap, and aCap
BPD+PH 2	BPD+PH	aCap	ZMAT3	8	True	6.1946294623787	6.12618115497568	post-projection exploratory annotation: one-to-one ortholog, mouse high-confidence breadth >=3, expression-eligible, and direction-concordant in every BPD+PH-versus-BPD donor pairing within All Endothelial, gCap, and aCap
BPD 1	BPD	gCap	APLN	0	False	-0.547612087878967	-0.681584195407886	post-projection exploratory annotation: one-to-one ortholog, mouse high-confidence breadth >=3, expression-eligible, and direction-concordant in every BPD+PH-versus-BPD donor pairing within All Endothelial, gCap, and aCap
BPD 1	BPD	gCap	BAX	8	True	4.86710562203613	5.01629808063025	post-projection exploratory annotation: one-to-one ortholog, mouse high-confidence breadth >=3, expression-eligible, and direction-concordant in every BPD+PH-versus-BPD donor pairing within All Endothelial, gCap, and aCap
BPD 1	BPD	gCap	CCN2	4	True	3.90053594778725	4.04382711266305	post-projection exploratory annotation: one-to-one ortholog, mouse high-confidence breadth >=3, expression-eligible, and direction-concordant in every BPD+PH-versus-BPD donor pairing within All Endothelial, gCap, and aCap
BPD 1	BPD	gCap	CCND1	72	True	8.00665016963571	8.16130389604738	post-projection exploratory annotation: one-to-one ortholog, mouse high-confidence breadth >=3, expression-eligible, and direction-concordant in every BPD+PH-versus-BPD donor pairing within All Endothelial, gCap, and aCap
BPD 1	BPD	gCap	CCNG1	5	True	4.20918472519529	4.35480654970133	post-projection exploratory annotation: one-to-one ortholog, mouse high-confidence breadth >=3, expression-eligible, and direction-concordant in every BPD+PH-versus-BPD donor pairing within All Endothelial, gCap, and aCap
BPD 1	BPD	gCap	CDKN1A	9	True	5.03326786963028	5.18313162101022	post-projection exploratory annotation: one-to-one ortholog, mouse high-confidence breadth >=3, expression-eligible, and direction-concordant in every BPD+PH-versus-BPD donor pairing within All Endothelial, gCap, and aCap
BPD 1	BPD	gCap	COL18A1	11	True	5.31728381171316	5.4681297088967	post-projection exploratory annotation: one-to-one ortholog, mouse high-confidence breadth >=3, expression-eligible, and direction-concordant in every BPD+PH-versus-BPD donor pairing within All Endothelial, gCap, and aCap
BPD 1	BPD	gCap	ECM1	0	False	-0.547612087878967	-0.681584195407886	post-projection exploratory annotation: one-to-one ortholog, mouse high-confidence breadth >=3, expression-eligible, and direction-concordant in every BPD+PH-versus-BPD donor pairing within All Endothelial, gCap, and aCap
BPD 1	BPD	gCap	GDF15	3	True	3.50736258169743	3.64685473251968	post-projection exploratory annotation: one-to-one ortholog, mouse high-confidence breadth >=3, expression-eligible, and direction-concordant in every BPD+PH-versus-BPD donor pairing within All Endothelial, gCap, and aCap
BPD 1	BPD	gCap	LGALS1	19	True	6.09531866489864	6.24804429450508	post-projection exploratory annotation: one-to-one ortholog, mouse high-confidence breadth >=3, expression-eligible, and direction-concordant in every BPD+PH-versus-BPD donor pairing within All Endothelial, gCap, and aCap
BPD 1	BPD	gCap	MAP1B	0	False	-0.547612087878967	-0.681584195407886	post-projection exploratory annotation: one-to-one ortholog, mouse high-confidence breadth >=3, expression-eligible, and direction-concordant in every BPD+PH-versus-BPD donor pairing within All Endothelial, gCap, and aCap
BPD 1	BPD	gCap	PHLDA3	1	True	2.08631921777389	2.19880507432271	post-projection exploratory annotation: one-to-one ortholog, mouse high-confidence breadth >=3, expression-eligible, and direction-concordant in every BPD+PH-versus-BPD donor pairing within All Endothelial, gCap, and aCap
BPD 1	BPD	gCap	RPS27L	17	True	5.93655137118478	6.08897124052072	post-projection exploratory annotation: one-to-one ortholog, mouse high-confidence breadth >=3, expression-eligible, and direction-concordant in every BPD+PH-versus-BPD donor pairing within All Endothelial, gCap, and aCap
BPD 1	BPD	gCap	S100A6	137	True	8.93293523589436	9.08791949824827	post-projection exploratory annotation: one-to-one ortholog, mouse high-confidence breadth >=3, expression-eligible, and direction-concordant in every BPD+PH-versus-BPD donor pairing within All Endothelial, gCap, and aCap
BPD 1	BPD	gCap	TINAGL1	10	True	5.18225367805236	5.33265676709085	post-projection exploratory annotation: one-to-one ortholog, mouse high-confidence breadth >=3, expression-eligible, and direction-concordant in every BPD+PH-versus-BPD donor pairing within All Endothelial, gCap, and aCap
BPD 1	BPD	gCap	ZFP36L2	96	True	8.42072789383382	8.57555569263905	post-projection exploratory annotation: one-to-one ortholog, mouse high-confidence breadth >=3, expression-eligible, and direction-concordant in every BPD+PH-versus-BPD donor pairing within All Endothelial, gCap, and aCap
BPD 1	BPD	gCap	ZMAT3	4	True	3.90053594778725	4.04382711266305	post-projection exploratory annotation: one-to-one ortholog, mouse high-confidence breadth >=3, expression-eligible, and direction-concordant in every BPD+PH-versus-BPD donor pairing within All Endothelial, gCap, and aCap
BPD 2	BPD	gCap	APLN	1	True	1.71046334898638	1.77144244623141	post-projection exploratory annotation: one-to-one ortholog, mouse high-confidence breadth >=3, expression-eligible, and direction-concordant in every BPD+PH-versus-BPD donor pairing within All Endothelial, gCap, and aCap
BPD 2	BPD	gCap	BAX	10	True	4.7316843598462	4.83431630313249	post-projection exploratory annotation: one-to-one ortholog, mouse high-confidence breadth >=3, expression-eligible, and direction-concordant in every BPD+PH-versus-BPD donor pairing within All Endothelial, gCap, and aCap
BPD 2	BPD	gCap	CCN2	8	True	4.41901376713571	4.52024923554865	post-projection exploratory annotation: one-to-one ortholog, mouse high-confidence breadth >=3, expression-eligible, and direction-concordant in every BPD+PH-versus-BPD donor pairing within All Endothelial, gCap, and aCap
BPD 2	BPD	gCap	CCND1	101	True	8.03410242339139	8.14190811462598	post-projection exploratory annotation: one-to-one ortholog, mouse high-confidence breadth >=3, expression-eligible, and direction-concordant in every BPD+PH-versus-BPD donor pairing within All Endothelial, gCap, and aCap
BPD 2	BPD	gCap	CCNG1	8	True	4.41901376713571	4.52024923554865	post-projection exploratory annotation: one-to-one ortholog, mouse high-confidence breadth >=3, expression-eligible, and direction-concordant in every BPD+PH-versus-BPD donor pairing within All Endothelial, gCap, and aCap
BPD 2	BPD	gCap	CDKN1A	31	True	6.33856500383119	6.4450658452388	post-projection exploratory annotation: one-to-one ortholog, mouse high-confidence breadth >=3, expression-eligible, and direction-concordant in every BPD+PH-versus-BPD donor pairing within All Endothelial, gCap, and aCap
BPD 2	BPD	gCap	COL18A1	27	True	6.14106192675003	6.24728567705804	post-projection exploratory annotation: one-to-one ortholog, mouse high-confidence breadth >=3, expression-eligible, and direction-concordant in every BPD+PH-versus-BPD donor pairing within All Endothelial, gCap, and aCap
BPD 2	BPD	gCap	ECM1	0	False	-0.547612087878967	-0.681584195407886	post-projection exploratory annotation: one-to-one ortholog, mouse high-confidence breadth >=3, expression-eligible, and direction-concordant in every BPD+PH-versus-BPD donor pairing within All Endothelial, gCap, and aCap
BPD 2	BPD	gCap	GDF15	0	False	-0.547612087878967	-0.681584195407886	post-projection exploratory annotation: one-to-one ortholog, mouse high-confidence breadth >=3, expression-eligible, and direction-concordant in every BPD+PH-versus-BPD donor pairing within All Endothelial, gCap, and aCap
BPD 2	BPD	gCap	LGALS1	87	True	7.81944024957792	7.92715248198217	post-projection exploratory annotation: one-to-one ortholog, mouse high-confidence breadth >=3, expression-eligible, and direction-concordant in every BPD+PH-versus-BPD donor pairing within All Endothelial, gCap, and aCap
BPD 2	BPD	gCap	MAP1B	0	False	-0.547612087878967	-0.681584195407886	post-projection exploratory annotation: one-to-one ortholog, mouse high-confidence breadth >=3, expression-eligible, and direction-concordant in every BPD+PH-versus-BPD donor pairing within All Endothelial, gCap, and aCap
BPD 2	BPD	gCap	PHLDA3	2	True	2.55118787085626	2.63329685804852	post-projection exploratory annotation: one-to-one ortholog, mouse high-confidence breadth >=3, expression-eligible, and direction-concordant in every BPD+PH-versus-BPD donor pairing within All Endothelial, gCap, and aCap
BPD 2	BPD	gCap	RPS27L	23	True	5.91216662165537	6.01801791247207	post-projection exploratory annotation: one-to-one ortholog, mouse high-confidence breadth >=3, expression-eligible, and direction-concordant in every BPD+PH-versus-BPD donor pairing within All Endothelial, gCap, and aCap
BPD 2	BPD	gCap	S100A6	237	True	9.26247178445791	9.37061134086523	post-projection exploratory annotation: one-to-one ortholog, mouse high-confidence breadth >=3, expression-eligible, and direction-concordant in every BPD+PH-versus-BPD donor pairing within All Endothelial, gCap, and aCap
BPD 2	BPD	gCap	TINAGL1	16	True	5.39575766782837	5.50051576618979	post-projection exploratory annotation: one-to-one ortholog, mouse high-confidence breadth >=3, expression-eligible, and direction-concordant in every BPD+PH-versus-BPD donor pairing within All Endothelial, gCap, and aCap
BPD 2	BPD	gCap	ZFP36L2	212	True	9.10183849511604	9.20994877592442	post-projection exploratory annotation: one-to-one ortholog, mouse high-confidence breadth >=3, expression-eligible, and direction-concordant in every BPD+PH-versus-BPD donor pairing within All Endothelial, gCap, and aCap
BPD 2	BPD	gCap	ZMAT3	3	True	3.07889572617788	3.16910614183807	post-projection exploratory annotation: one-to-one ortholog, mouse high-confidence breadth >=3, expression-eligible, and direction-concordant in every BPD+PH-versus-BPD donor pairing within All Endothelial, gCap, and aCap
BPD+PH 1	BPD+PH	gCap	APLN	280	True	7.2046679466941	6.97266897982604	post-projection exploratory annotation: one-to-one ortholog, mouse high-confidence breadth >=3, expression-eligible, and direction-concordant in every BPD+PH-versus-BPD donor pairing within All Endothelial, gCap, and aCap
BPD+PH 1	BPD+PH	gCap	BAX	481	True	7.98247917466719	7.7502832208377	post-projection exploratory annotation: one-to-one ortholog, mouse high-confidence breadth >=3, expression-eligible, and direction-concordant in every BPD+PH-versus-BPD donor pairing within All Endothelial, gCap, and aCap
BPD+PH 1	BPD+PH	gCap	CCN2	864	True	8.82574255444595	8.59342456232079	post-projection exploratory annotation: one-to-one ortholog, mouse high-confidence breadth >=3, expression-eligible, and direction-concordant in every BPD+PH-versus-BPD donor pairing within All Endothelial, gCap, and aCap
BPD+PH 1	BPD+PH	gCap	CCND1	1409	True	9.53046930966532	9.29809192529996	post-projection exploratory annotation: one-to-one ortholog, mouse high-confidence breadth >=3, expression-eligible, and direction-concordant in every BPD+PH-versus-BPD donor pairing within All Endothelial, gCap, and aCap
BPD+PH 1	BPD+PH	gCap	CCNG1	85	True	5.50004523533849	5.26911378049938	post-projection exploratory annotation: one-to-one ortholog, mouse high-confidence breadth >=3, expression-eligible, and direction-concordant in every BPD+PH-versus-BPD donor pairing within All Endothelial, gCap, and aCap
BPD+PH 1	BPD+PH	gCap	CDKN1A	329	True	7.43633179351956	7.20426270935672	post-projection exploratory annotation: one-to-one ortholog, mouse high-confidence breadth >=3, expression-eligible, and direction-concordant in every BPD+PH-versus-BPD donor pairing within All Endothelial, gCap, and aCap
BPD+PH 1	BPD+PH	gCap	COL18A1	515	True	8.08075703832978	7.8485429283559	post-projection exploratory annotation: one-to-one ortholog, mouse high-confidence breadth >=3, expression-eligible, and direction-concordant in every BPD+PH-versus-BPD donor pairing within All Endothelial, gCap, and aCap
BPD+PH 1	BPD+PH	gCap	ECM1	43	True	4.53806574077835	4.30859288013662	post-projection exploratory annotation: one-to-one ortholog, mouse high-confidence breadth >=3, expression-eligible, and direction-concordant in every BPD+PH-versus-BPD donor pairing within All Endothelial, gCap, and aCap
BPD+PH 1	BPD+PH	gCap	GDF15	725	True	8.57310922912442	8.34082064928248	post-projection exploratory annotation: one-to-one ortholog, mouse high-confidence breadth >=3, expression-eligible, and direction-concordant in every BPD+PH-versus-BPD donor pairing within All Endothelial, gCap, and aCap
BPD+PH 1	BPD+PH	gCap	LGALS1	3762	True	10.9464625236577	10.7140261772358	post-projection exploratory annotation: one-to-one ortholog, mouse high-confidence breadth >=3, expression-eligible, and direction-concordant in every BPD+PH-versus-BPD donor pairing within All Endothelial, gCap, and aCap
BPD+PH 1	BPD+PH	gCap	MAP1B	143	True	6.24165254189499	6.01010222313989	post-projection exploratory annotation: one-to-one ortholog, mouse high-confidence breadth >=3, expression-eligible, and direction-concordant in every BPD+PH-versus-BPD donor pairing within All Endothelial, gCap, and aCap
BPD+PH 1	BPD+PH	gCap	PHLDA3	101	True	5.74540664754181	5.51423441562192	post-projection exploratory annotation: one-to-one ortholog, mouse high-confidence breadth >=3, expression-eligible, and direction-concordant in every BPD+PH-versus-BPD donor pairing within All Endothelial, gCap, and aCap
BPD+PH 1	BPD+PH	gCap	RPS27L	922	True	8.91934114696586	8.68701350052226	post-projection exploratory annotation: one-to-one ortholog, mouse high-confidence breadth >=3, expression-eligible, and direction-concordant in every BPD+PH-versus-BPD donor pairing within All Endothelial, gCap, and aCap
BPD+PH 1	BPD+PH	gCap	S100A6	18819	True	13.2686805028049	13.0362158822969	post-projection exploratory annotation: one-to-one ortholog, mouse high-confidence breadth >=3, expression-eligible, and direction-concordant in every BPD+PH-versus-BPD donor pairing within All Endothelial, gCap, and aCap
BPD+PH 1	BPD+PH	gCap	TINAGL1	293	True	7.26984487327613	7.03782502871204	post-projection exploratory annotation: one-to-one ortholog, mouse high-confidence breadth >=3, expression-eligible, and direction-concordant in every BPD+PH-versus-BPD donor pairing within All Endothelial, gCap, and aCap
BPD+PH 1	BPD+PH	gCap	ZFP36L2	168	True	6.47215628776851	6.24046995419876	post-projection exploratory annotation: one-to-one ortholog, mouse high-confidence breadth >=3, expression-eligible, and direction-concordant in every BPD+PH-versus-BPD donor pairing within All Endothelial, gCap, and aCap
BPD+PH 1	BPD+PH	gCap	ZMAT3	99	True	5.71692342790486	5.48577709424931	post-projection exploratory annotation: one-to-one ortholog, mouse high-confidence breadth >=3, expression-eligible, and direction-concordant in every BPD+PH-versus-BPD donor pairing within All Endothelial, gCap, and aCap
BPD+PH 2	BPD+PH	gCap	APLN	76	True	7.77000058351901	7.73842283269217	post-projection exploratory annotation: one-to-one ortholog, mouse high-confidence breadth >=3, expression-eligible, and direction-concordant in every BPD+PH-versus-BPD donor pairing within All Endothelial, gCap, and aCap
BPD+PH 2	BPD+PH	gCap	BAX	95	True	8.09102400924257	8.05950825922747	post-projection exploratory annotation: one-to-one ortholog, mouse high-confidence breadth >=3, expression-eligible, and direction-concordant in every BPD+PH-versus-BPD donor pairing within All Endothelial, gCap, and aCap
BPD+PH 2	BPD+PH	gCap	CCN2	248	True	9.47312979096031	9.44176736483109	post-projection exploratory annotation: one-to-one ortholog, mouse high-confidence breadth >=3, expression-eligible, and direction-concordant in every BPD+PH-versus-BPD donor pairing within All Endothelial, gCap, and aCap
BPD+PH 2	BPD+PH	gCap	CCND1	271	True	9.60096465093465	9.56961031733887	post-projection exploratory annotation: one-to-one ortholog, mouse high-confidence breadth >=3, expression-eligible, and direction-concordant in every BPD+PH-versus-BPD donor pairing within All Endothelial, gCap, and aCap
BPD+PH 2	BPD+PH	gCap	CCNG1	15	True	5.44723662766859	5.41441427751131	post-projection exploratory annotation: one-to-one ortholog, mouse high-confidence breadth >=3, expression-eligible, and direction-concordant in every BPD+PH-versus-BPD donor pairing within All Endothelial, gCap, and aCap
BPD+PH 2	BPD+PH	gCap	CDKN1A	71	True	7.67213860006618	7.64053903583412	post-projection exploratory annotation: one-to-one ortholog, mouse high-confidence breadth >=3, expression-eligible, and direction-concordant in every BPD+PH-versus-BPD donor pairing within All Endothelial, gCap, and aCap
BPD+PH 2	BPD+PH	gCap	COL18A1	103	True	8.20738775029058	8.17589127796009	post-projection exploratory annotation: one-to-one ortholog, mouse high-confidence breadth >=3, expression-eligible, and direction-concordant in every BPD+PH-versus-BPD donor pairing within All Endothelial, gCap, and aCap
BPD+PH 2	BPD+PH	gCap	ECM1	3	True	3.21307490045255	3.17447546359887	post-projection exploratory annotation: one-to-one ortholog, mouse high-confidence breadth >=3, expression-eligible, and direction-concordant in every BPD+PH-versus-BPD donor pairing within All Endothelial, gCap, and aCap
BPD+PH 2	BPD+PH	gCap	GDF15	172	True	8.9458117478295	8.91440721041557	post-projection exploratory annotation: one-to-one ortholog, mouse high-confidence breadth >=3, expression-eligible, and direction-concordant in every BPD+PH-versus-BPD donor pairing within All Endothelial, gCap, and aCap
BPD+PH 2	BPD+PH	gCap	LGALS1	683	True	10.933790474821	10.9024888086468	post-projection exploratory annotation: one-to-one ortholog, mouse high-confidence breadth >=3, expression-eligible, and direction-concordant in every BPD+PH-versus-BPD donor pairing within All Endothelial, gCap, and aCap
BPD+PH 2	BPD+PH	gCap	MAP1B	31	True	6.4828185815698	6.45079306477016	post-projection exploratory annotation: one-to-one ortholog, mouse high-confidence breadth >=3, expression-eligible, and direction-concordant in every BPD+PH-versus-BPD donor pairing within All Endothelial, gCap, and aCap
BPD+PH 2	BPD+PH	gCap	PHLDA3	26	True	6.23118270010162	6.19901259669112	post-projection exploratory annotation: one-to-one ortholog, mouse high-confidence breadth >=3, expression-eligible, and direction-concordant in every BPD+PH-versus-BPD donor pairing within All Endothelial, gCap, and aCap
BPD+PH 2	BPD+PH	gCap	RPS27L	221	True	9.30700569884993	9.27563162572638	post-projection exploratory annotation: one-to-one ortholog, mouse high-confidence breadth >=3, expression-eligible, and direction-concordant in every BPD+PH-versus-BPD donor pairing within All Endothelial, gCap, and aCap
BPD+PH 2	BPD+PH	gCap	S100A6	3628	True	13.3425978020651	13.3113242791357	post-projection exploratory annotation: one-to-one ortholog, mouse high-confidence breadth >=3, expression-eligible, and direction-concordant in every BPD+PH-versus-BPD donor pairing within All Endothelial, gCap, and aCap
BPD+PH 2	BPD+PH	gCap	TINAGL1	64	True	7.52292068251146	7.49128487406399	post-projection exploratory annotation: one-to-one ortholog, mouse high-confidence breadth >=3, expression-eligible, and direction-concordant in every BPD+PH-versus-BPD donor pairing within All Endothelial, gCap, and aCap
BPD+PH 2	BPD+PH	gCap	ZFP36L2	22	True	5.99256148821769	5.96022888742228	post-projection exploratory annotation: one-to-one ortholog, mouse high-confidence breadth >=3, expression-eligible, and direction-concordant in every BPD+PH-versus-BPD donor pairing within All Endothelial, gCap, and aCap
BPD+PH 2	BPD+PH	gCap	ZMAT3	26	True	6.23118270010162	6.19901259669112	post-projection exploratory annotation: one-to-one ortholog, mouse high-confidence breadth >=3, expression-eligible, and direction-concordant in every BPD+PH-versus-BPD donor pairing within All Endothelial, gCap, and aCap
