endpoint	model	baseline	metric	median_delta	lower_2_5	upper_97_5	win_fraction	n_paired_bootstrap_values
primary_fold_hvg	vae_latent	gene_linear	pearson_effect	0.29216767270118005	0.20444318595458758	0.41536850761622196	1.0	500
primary_fold_hvg	vae_latent	gene_linear	spearman_effect	0.3733863394429148	0.30022243994310105	0.4752616887468367	1.0	500
primary_fold_hvg	vae_latent	gene_linear	rmse_effect	0.027129805274307722	0.0212714883685112	0.03702002950012684	1.0	500
primary_fold_hvg	vae_latent	gene_linear	direction_accuracy	0.1338333333333333	0.06995694444444449	0.18034722222222221	1.0	500
primary_fold_hvg	vae_latent	pca_latent	pearson_effect	0.01753264665603632	-0.005119313737377515	0.06519011035561567	0.898	500
primary_fold_hvg	vae_latent	pca_latent	spearman_effect	0.04150265427475042	0.022510394611280904	0.06657468870048028	1.0	500
primary_fold_hvg	vae_latent	pca_latent	rmse_effect	0.012557920441031434	0.00955204479396346	0.016281335987150647	1.0	500
primary_fold_hvg	vae_latent	pca_latent	direction_accuracy	0.018916666666666693	0.012749999999999928	0.025402777777777774	1.0	500
primary_fold_hvg	cvae_counterfactual	gene_linear	pearson_effect	0.29165359828621157	0.20877903453074398	0.433853161148727	1.0	500
primary_fold_hvg	cvae_counterfactual	gene_linear	spearman_effect	0.37532032805489035	0.3031341918357427	0.4827492764326187	1.0	500
primary_fold_hvg	cvae_counterfactual	gene_linear	rmse_effect	0.02834865655750035	0.02188694362062962	0.03774179406464098	1.0	500
primary_fold_hvg	cvae_counterfactual	gene_linear	direction_accuracy	0.13458333333333333	0.07169409722222221	0.1805972222222222	1.0	500
primary_fold_hvg	cvae_counterfactual	pca_latent	pearson_effect	0.020806320011615698	-0.01664504706859593	0.08336764946579939	0.858	500
primary_fold_hvg	cvae_counterfactual	pca_latent	spearman_effect	0.0450621746427009	0.013559925149543128	0.07521909042683289	1.0	500
primary_fold_hvg	cvae_counterfactual	pca_latent	rmse_effect	0.013334291242063034	0.009271619282662846	0.018602021969854818	1.0	500
primary_fold_hvg	cvae_counterfactual	pca_latent	direction_accuracy	0.01969444444444446	0.010916666666666686	0.027334722222222215	1.0	500
primary_fold_hvg	scgen_adapted	gene_linear	pearson_effect	0.30250949729233984	0.21396983093582095	0.42601848673075443	1.0	500
primary_fold_hvg	scgen_adapted	gene_linear	spearman_effect	0.38104237239927663	0.3058078842984061	0.4828216089992185	1.0	500
primary_fold_hvg	scgen_adapted	gene_linear	rmse_effect	0.028875753283500658	0.022645158423110844	0.03823356125503777	1.0	500
primary_fold_hvg	scgen_adapted	gene_linear	direction_accuracy	0.13363888888888892	0.06861562500000001	0.17969444444444438	1.0	500
primary_fold_hvg	scgen_adapted	pca_latent	pearson_effect	0.026772668957710244	-0.0016476148832589442	0.07700252085924153	0.956	500
primary_fold_hvg	scgen_adapted	pca_latent	spearman_effect	0.047344934827161844	0.02509287695339727	0.07527830497455062	1.0	500
primary_fold_hvg	scgen_adapted	pca_latent	rmse_effect	0.013785597309470161	0.010596054978668695	0.0180088311433792	1.0	500
primary_fold_hvg	scgen_adapted	pca_latent	direction_accuracy	0.01822222222222225	0.012069444444444466	0.024944444444444547	1.0	500
primary_fold_hvg	cpa_adapted	gene_linear	pearson_effect	0.28881282974034556	0.21625839204643854	0.39712103139609106	1.0	500
primary_fold_hvg	cpa_adapted	gene_linear	spearman_effect	0.37082554021923314	0.3038279498619468	0.4596114469974067	1.0	500
primary_fold_hvg	cpa_adapted	gene_linear	rmse_effect	0.0163815615698695	0.009643775224685652	0.025868461094796708	1.0	500
primary_fold_hvg	cpa_adapted	gene_linear	direction_accuracy	0.12873611111111116	0.06399583333333339	0.1687777777777777	1.0	500
primary_fold_hvg	cpa_adapted	pca_latent	pearson_effect	0.01958042569458482	-0.011801787409931444	0.05001803599298005	0.814	500
primary_fold_hvg	cpa_adapted	pca_latent	spearman_effect	0.038242338641880314	0.007330164437052478	0.057033636004074295	1.0	500
primary_fold_hvg	cpa_adapted	pca_latent	rmse_effect	0.0011430567130446267	-0.002035596594214456	0.00504502225667236	0.698	500
primary_fold_hvg	cpa_adapted	pca_latent	direction_accuracy	0.010347222222222285	0.0032916666666665817	0.018625000000000003	1.0	500
primary_fold_hvg	sinkhorn_ot	gene_linear	pearson_effect	0.29304752228781583	0.20831719181616792	0.38870749454945325	1.0	500
primary_fold_hvg	sinkhorn_ot	gene_linear	spearman_effect	0.3474956960558917	0.2777482193067659	0.4432156687718047	1.0	500
primary_fold_hvg	sinkhorn_ot	gene_linear	rmse_effect	0.018783767707645893	0.014139819126576166	0.030513445660471872	1.0	500
primary_fold_hvg	sinkhorn_ot	gene_linear	direction_accuracy	0.12612500000000004	0.0584027777777778	0.1679722222222222	1.0	500
primary_fold_hvg	sinkhorn_ot	pca_latent	pearson_effect	0.020389642938971525	0.006773287057876609	0.0317254133522511	1.0	500
primary_fold_hvg	sinkhorn_ot	pca_latent	spearman_effect	0.017006971129076898	0.010001719120024177	0.024622413320822933	1.0	500
primary_fold_hvg	sinkhorn_ot	pca_latent	rmse_effect	0.005708403326570993	0.004218085194006535	0.006648938544094554	1.0	500
primary_fold_hvg	sinkhorn_ot	pca_latent	direction_accuracy	0.0072152777777776955	0.0031250000000000444	0.009453819444444468	1.0	500
secondary_replicated_198_hvg_intersection	vae_latent	gene_linear	pearson_effect	0.11855976805090906	0.051666944473981846	0.20719065483193838	1.0	500
secondary_replicated_198_hvg_intersection	vae_latent	gene_linear	spearman_effect	0.20612830371542806	0.10470082062903222	0.3074704036091992	1.0	500
secondary_replicated_198_hvg_intersection	vae_latent	gene_linear	rmse_effect	0.062437267974019106	0.048071662336587884	0.07491249870508915	1.0	500
secondary_replicated_198_hvg_intersection	vae_latent	gene_linear	direction_accuracy	0.09326431764956356	0.013827975303385087	0.14602938045560998	0.986	500
secondary_replicated_198_hvg_intersection	vae_latent	pca_latent	pearson_effect	-0.04055120050907135	-0.0842947378754616	0.005165818333625838	0.06	500
secondary_replicated_198_hvg_intersection	vae_latent	pca_latent	spearman_effect	0.0014393574247021368	-0.023852734201289656	0.04061759274375659	0.608	500
secondary_replicated_198_hvg_intersection	vae_latent	pca_latent	rmse_effect	0.040846641361713454	0.031930368524044773	0.051939503289759215	1.0	500
secondary_replicated_198_hvg_intersection	vae_latent	pca_latent	direction_accuracy	0.011805407707047078	-0.014328294656163476	0.02561901213540548	0.844	500
secondary_replicated_198_hvg_intersection	cvae_counterfactual	gene_linear	pearson_effect	0.1236089690588415	0.04318809219403191	0.20331663151970125	1.0	500
secondary_replicated_198_hvg_intersection	cvae_counterfactual	gene_linear	spearman_effect	0.21032112335500344	0.09410837120087953	0.2918922313724336	1.0	500
secondary_replicated_198_hvg_intersection	cvae_counterfactual	gene_linear	rmse_effect	0.06325763631612066	0.04741943459957837	0.07777882628142835	1.0	500
secondary_replicated_198_hvg_intersection	cvae_counterfactual	gene_linear	direction_accuracy	0.09138279753033851	0.011720246966148595	0.15876091121992764	0.984	500
secondary_replicated_198_hvg_intersection	cvae_counterfactual	pca_latent	pearson_effect	-0.04830683209002018	-0.09601743436651305	0.01430286541581155	0.086	500
secondary_replicated_198_hvg_intersection	cvae_counterfactual	pca_latent	spearman_effect	0.0016627727075176901	-0.03500344402690564	0.05441247099468538	0.508	500
secondary_replicated_198_hvg_intersection	cvae_counterfactual	pca_latent	rmse_effect	0.043450838513672374	0.03130142187234016	0.05863207392394548	1.0	500
secondary_replicated_198_hvg_intersection	cvae_counterfactual	pca_latent	direction_accuracy	0.010932510112837912	-0.016436022993399968	0.03463913136044283	0.79	500
secondary_replicated_198_hvg_intersection	scgen_adapted	gene_linear	pearson_effect	0.13137906771153207	0.06586107406765224	0.21881174696143707	1.0	500
secondary_replicated_198_hvg_intersection	scgen_adapted	gene_linear	spearman_effect	0.2012030164984232	0.10970215941875752	0.3077889619612601	1.0	500
secondary_replicated_198_hvg_intersection	scgen_adapted	gene_linear	rmse_effect	0.06628413889557128	0.052007638663053496	0.07860487028956417	1.0	500
secondary_replicated_198_hvg_intersection	scgen_adapted	gene_linear	direction_accuracy	0.08730040451351928	0.011230572705982489	0.14089312327017245	0.984	500
secondary_replicated_198_hvg_intersection	scgen_adapted	pca_latent	pearson_effect	-0.03034084308892493	-0.07108592335134745	0.01385119855403899	0.096	500
secondary_replicated_198_hvg_intersection	scgen_adapted	pca_latent	spearman_effect	0.003414786479771087	-0.021816561826153325	0.03498198020043897	0.55	500
secondary_replicated_198_hvg_intersection	scgen_adapted	pca_latent	rmse_effect	0.045309325680136736	0.03628938537091018	0.055349171534180674	1.0	500
secondary_replicated_198_hvg_intersection	scgen_adapted	pca_latent	direction_accuracy	0.0069219714711518665	-0.016925697253566074	0.024425164998935434	0.712	500
secondary_replicated_198_hvg_intersection	cpa_adapted	gene_linear	pearson_effect	0.09522875361144545	0.029602859145961724	0.18600043132901195	1.0	500
secondary_replicated_198_hvg_intersection	cpa_adapted	gene_linear	spearman_effect	0.17354740658225035	0.07856797478486752	0.2559772133121791	1.0	500
secondary_replicated_198_hvg_intersection	cpa_adapted	gene_linear	rmse_effect	0.04070797897875314	0.024596107751131024	0.052659677341580446	1.0	500
secondary_replicated_198_hvg_intersection	cpa_adapted	gene_linear	direction_accuracy	0.08947732595273583	0.012859271875665268	0.13251011283798175	0.984	500
secondary_replicated_198_hvg_intersection	cpa_adapted	pca_latent	pearson_effect	-0.0672082919627428	-0.1065471522510052	-0.028905717399902688	0.0	500
secondary_replicated_198_hvg_intersection	cpa_adapted	pca_latent	spearman_effect	-0.02144572419407842	-0.06540634480613622	0.017492469895338147	0.114	500
secondary_replicated_198_hvg_intersection	cpa_adapted	pca_latent	rmse_effect	0.019733231514692334	0.009053512290120191	0.02884544469416145	1.0	500
secondary_replicated_198_hvg_intersection	cpa_adapted	pca_latent	direction_accuracy	0.0023259527357888388	-0.025361933148818405	0.02342891739408128	0.646	500
secondary_replicated_198_hvg_intersection	sinkhorn_ot	gene_linear	pearson_effect	0.16381963300518695	0.12088067010045056	0.23543200008571158	1.0	500
secondary_replicated_198_hvg_intersection	sinkhorn_ot	gene_linear	spearman_effect	0.21173232236214629	0.12723792916872903	0.31314472629302903	1.0	500
secondary_replicated_198_hvg_intersection	sinkhorn_ot	gene_linear	rmse_effect	0.038805056735873256	0.031200165674090397	0.05005287937819963	1.0	500
secondary_replicated_198_hvg_intersection	sinkhorn_ot	gene_linear	direction_accuracy	0.07592612305727064	0.008068980200127696	0.13887055567383433	0.986	500
secondary_replicated_198_hvg_intersection	sinkhorn_ot	pca_latent	pearson_effect	0.0021260917186737283	-0.00326639264822004	0.00615624338388443	0.8	500
secondary_replicated_198_hvg_intersection	sinkhorn_ot	pca_latent	spearman_effect	0.013902793768856947	0.0014209583086424726	0.029182731319347066	0.982	500
secondary_replicated_198_hvg_intersection	sinkhorn_ot	pca_latent	rmse_effect	0.017105642333626797	0.015570718050002985	0.018302983418107044	1.0	500
secondary_replicated_198_hvg_intersection	sinkhorn_ot	pca_latent	direction_accuracy	-0.0023951458377687307	-0.016313604428358608	0.01524962742175854	0.302	500
secondary_signature_33_hvg_intersection	vae_latent	gene_linear	pearson_effect	-0.04344666583929213	-0.13377723661251367	0.09341108407825227	0.264	500
secondary_signature_33_hvg_intersection	vae_latent	gene_linear	spearman_effect	0.048300937788240184	-0.004341564019154309	0.188817406433	0.972	500
secondary_signature_33_hvg_intersection	vae_latent	gene_linear	rmse_effect	0.08358690496534116	0.05768876671791079	0.10930937100201846	1.0	500
secondary_signature_33_hvg_intersection	vae_latent	gene_linear	direction_accuracy	0.04843750000000002	-0.06406250000000002	0.1015625	0.784	500
secondary_signature_33_hvg_intersection	vae_latent	pca_latent	pearson_effect	-0.12503532264381645	-0.18287791493348776	-0.03669245243072511	0.0	500
secondary_signature_33_hvg_intersection	vae_latent	pca_latent	spearman_effect	-0.11083938488010942	-0.14191176470588235	-0.04639705882352946	0.0	500
secondary_signature_33_hvg_intersection	vae_latent	pca_latent	rmse_effect	0.06637799739837652	0.049010965973138865	0.0832534190267325	1.0	500
secondary_signature_33_hvg_intersection	vae_latent	pca_latent	direction_accuracy	0.014062499999999978	-0.0390625	0.03281250000000002	0.66	500
secondary_signature_33_hvg_intersection	cvae_counterfactual	gene_linear	pearson_effect	-0.07019971385598184	-0.152248664945364	0.07478621611371639	0.208	500
secondary_signature_33_hvg_intersection	cvae_counterfactual	gene_linear	spearman_effect	0.01762370368256566	-0.04426803460738954	0.15764093584476474	0.706	500
secondary_signature_33_hvg_intersection	cvae_counterfactual	gene_linear	rmse_effect	0.07879630737006671	0.055024718120694205	0.10379868187010294	1.0	500
secondary_signature_33_hvg_intersection	cvae_counterfactual	gene_linear	direction_accuracy	0.0390625	-0.07656249999999998	0.10624999999999996	0.77	500
secondary_signature_33_hvg_intersection	cvae_counterfactual	pca_latent	pearson_effect	-0.15251978747546674	-0.20437900425866243	-0.041147635523230024	0.0	500
secondary_signature_33_hvg_intersection	cvae_counterfactual	pca_latent	spearman_effect	-0.14233861146897142	-0.20080882352941176	-0.06948529411764703	0.0	500
secondary_signature_33_hvg_intersection	cvae_counterfactual	pca_latent	rmse_effect	0.06142887659370902	0.044843387976288784	0.08355098702013491	1.0	500
secondary_signature_33_hvg_intersection	cvae_counterfactual	pca_latent	direction_accuracy	0.006249999999999978	-0.043749999999999956	0.03281250000000002	0.526	500
secondary_signature_33_hvg_intersection	scgen_adapted	gene_linear	pearson_effect	-0.026678120158612706	-0.11145481036510319	0.10772054418921473	0.35	500
secondary_signature_33_hvg_intersection	scgen_adapted	gene_linear	spearman_effect	0.06424897749240699	0.006540788922022256	0.19300858290358824	1.0	500
secondary_signature_33_hvg_intersection	scgen_adapted	gene_linear	rmse_effect	0.08969691097736365	0.06600001938641076	0.11578472419176256	1.0	500
secondary_signature_33_hvg_intersection	scgen_adapted	gene_linear	direction_accuracy	0.04062500000000002	-0.06718749999999996	0.10781249999999998	0.762	500
secondary_signature_33_hvg_intersection	scgen_adapted	pca_latent	pearson_effect	-0.10077668956946584	-0.15286984452977775	-0.030585144832730338	0.0	500
secondary_signature_33_hvg_intersection	scgen_adapted	pca_latent	spearman_effect	-0.10419117647058818	-0.14367647058823524	-0.04791544117647067	0.0	500
secondary_signature_33_hvg_intersection	scgen_adapted	pca_latent	rmse_effect	0.07485106587409979	0.056664391048252605	0.08904148787260058	1.0	500
secondary_signature_33_hvg_intersection	scgen_adapted	pca_latent	direction_accuracy	0.010937500000000044	-0.04531249999999998	0.03281250000000002	0.588	500
secondary_signature_33_hvg_intersection	cpa_adapted	gene_linear	pearson_effect	-0.051928469166159674	-0.15248644735547712	0.10139322988688948	0.272	500
secondary_signature_33_hvg_intersection	cpa_adapted	gene_linear	spearman_effect	0.06193518747876453	-0.004047446372095476	0.17992034760947062	0.918	500
secondary_signature_33_hvg_intersection	cpa_adapted	gene_linear	rmse_effect	0.05318888053297999	0.022477135434746776	0.08293058909475803	1.0	500
secondary_signature_33_hvg_intersection	cpa_adapted	gene_linear	direction_accuracy	0.03281250000000002	-0.0625	0.09999999999999998	0.754	500
secondary_signature_33_hvg_intersection	cpa_adapted	pca_latent	pearson_effect	-0.11980706131871555	-0.1961711118623498	-0.037610203772783235	0.0	500
secondary_signature_33_hvg_intersection	cpa_adapted	pca_latent	spearman_effect	-0.11720588235294116	-0.1547058823529412	-0.05950183823529421	0.0	500
secondary_signature_33_hvg_intersection	cpa_adapted	pca_latent	rmse_effect	0.03498700223863127	0.014875404909253154	0.06027361112646754	1.0	500
secondary_signature_33_hvg_intersection	cpa_adapted	pca_latent	direction_accuracy	-0.0031250000000000444	-0.0390625	0.018750000000000044	0.456	500
secondary_signature_33_hvg_intersection	sinkhorn_ot	gene_linear	pearson_effect	0.057328913081437394	-0.05924144759774208	0.20096518546342845	0.858	500
secondary_signature_33_hvg_intersection	sinkhorn_ot	gene_linear	spearman_effect	0.15517154010053186	0.09284706140811591	0.2634320626315079	1.0	500
secondary_signature_33_hvg_intersection	sinkhorn_ot	gene_linear	rmse_effect	0.033894823491573356	0.02121714130043978	0.05767601802945144	1.0	500
secondary_signature_33_hvg_intersection	sinkhorn_ot	gene_linear	direction_accuracy	0.0	-0.09687500000000004	0.08906250000000004	0.424	500
secondary_signature_33_hvg_intersection	sinkhorn_ot	pca_latent	pearson_effect	-0.014197310805320718	-0.034743492832349135	0.0070109938271343	0.08	500
secondary_signature_33_hvg_intersection	sinkhorn_ot	pca_latent	spearman_effect	-0.013514797893623975	-0.07867647058823529	0.01231354850350419	0.188	500
secondary_signature_33_hvg_intersection	sinkhorn_ot	pca_latent	rmse_effect	0.020965007878839925	0.01680481061339384	0.025597115606069587	1.0	500
secondary_signature_33_hvg_intersection	sinkhorn_ot	pca_latent	direction_accuracy	-0.035937499999999956	-0.051562499999999956	-0.0015625000000000222	0.0	500
