gene	concordant_endothelial_subtypes	replicated_subtype_names	bulk_log2FC_hyperoxia_vs_air	bulk_fdr_bh	included_high_confidence_ge3	included_after_excluding_vein_lymph_ge2_of3	JCI_hyperoxia_vs_room_air	JCI_p53_null_vs_control_hyperoxia	JCI_p53_EC_deletion_vs_control_hyperoxia	p53_null_reverses_hyperoxia	p53_ec_deletion_reverses_hyperoxia
2200002D01Rik	1	Vein	1.804873543643696	1.6367759049541413e-05	False	False				False	False
AU020206	2	Cap;Cap-a	-1.1741388328285491	7.871310214458893e-33	False	True	-1.63593466	-1.139254406	-2.43319937086411	False	False
AW112010	1	Cap	1.3733282917976195	8.717688174377376e-10	False	False	0.299030553	-0.106366412	0.533362746107748	True	False
Aatk	2	Cap;Cap-a	1.0964727239725038	5.212027654058552e-44	False	True	0.952205003	0.235171781	0.259118861138039	False	False
Abi3bp	3	Cap;Cap-a;Lymph	-1.1299101491565706	9.898557114089785e-34	True	True	-1.577536137	-0.133889754	-0.619677640378782	False	False
Ackr3	2	Cap;Cap-a	1.1930854920870542	2.038079949959631e-62	False	True	1.449369267	-0.093305027	-0.0632192791548232	True	True
Adam12	2	Cap;Cap-a	1.2458229094754507	3.358875211090759e-79	False	True	1.571703213	-0.231225893	-0.837556946909183	True	True
Adamtsl2	2	Cap;Cap-a	1.0257468498817972	2.354489323087451e-26	False	True	0.470972166	0.397386507	-0.204929691814063	False	True
Adgrg1	2	Cap;Cap-a	2.3812063247032302	1.3033147338189678e-104	False	True	2.200855972	-0.506060577	0.245313640573144	True	False
Aen	2	Cap;Cap-a	1.9735100819608224	1.2363578451959242e-124	False	True	1.853978037	-1.084201709	0.675038293377345	True	False
Akr1b8	2	Cap;Cap-a	2.8924195916546664	2.4625761075841986e-58	False	True	3.299946272	0.369751264	2.56208834717049	False	False
Amot	1	Cap	-1.039672458360266	3.5936888906711827e-41	False	False	-0.781890981	0.067304087	-0.990038275895412	True	False
Ampd3	2	Cap;Cap-a	1.288957424180027	4.671988224789115e-50	False	True	0.972876505	0.34720922	1.57746143414385	False	False
Ano3	1	Cap	6.282287488464757	4.696627747264832e-64	False	False	6.769109085	-8.619848689	-1.86747054920969	True	True
Apln	3	Cap;Cap-a;Vein	1.513492100365419	1.5522041635336247e-48	True	True	1.404891783	0.103845162	1.42110551212971	False	False
Apold1	2	Cap;Cap-a	1.6151713724643582	1.0583722203470145e-06	False	True	1.228451815	0.634160083	0.141958508437195	False	False
Ar	1	Cap	1.7578450204550224	3.875955446153283e-33	False	False	1.549214894	-0.379296281	-1.51408629703172	True	True
Arhgap6	2	Cap;Cap-a	1.4728124270013032	1.6510128747697106e-51	False	True	1.758430819	-0.225074893	-0.347209117777724	True	True
Aspa	1	Cap	2.2086670553081573	6.962888655973629e-13	False	False	1.908173693	0.677794717	0.090205847443011	False	False
Ass1	2	Cap;Vein	1.325879338703973	9.499135426315491e-35	False	False	0.506390322	0.07876199	0.115373240960708	False	False
Atg4a	1	Cap	1.0870848822299253	5.168442743097141e-32	False	False	0.986355514	-0.849401392	-1.29101102836818	True	True
Atp13a3	2	Cap;Cap-a	1.5354915376621885	9.142926628682156e-39	False	True	0.907008734	0.732380317	1.68159889055179	False	False
Bax	4	Cap;Cap-a;Lymph;Vein	1.431321633156233	4.429956020646399e-112	True	True	1.204516646	-0.569926458	1.3551288717959	True	False
Bcl2l11	2	Cap;Cap-a	-1.110398141115143	1.5201974182229664e-25	False	True	-1.168173541	0.227808812	-0.138303908621063	True	False
Bdkrb2	2	Cap;Cap-a	1.1359225221774012	7.433309199907916e-15	False	True	3.193546035	0.86677869	0.863058282813923	False	False
Bhlhe40	2	Cap;Cap-a	1.0444174040525644	4.301407387656529e-13	False	True	1.165857175	0.819850678	1.64411922032289	False	False
Bok	2	Cap;Cap-a	1.067947481926755	2.8604803590832987e-10	False	True	1.91752373	0.809983264	1.17976478593259	False	False
Bst1	2	Cap;Vein	1.1980307742101743	1.7204593092438477e-29	False	False	1.990669083	-1.050964312	-1.23283942609845	True	True
C1qtnf2	1	Cap	1.260332328638171	1.236252290659693e-20	False	False	0.393664594	-0.304829735	-0.054673219392722	True	True
Cadm1	2	Cap;Cap-a	-1.0865582588036855	2.208271321835246e-24	False	True	-1.066688879	-0.472764975	-2.24108598960155	False	False
Camk2n1	1	Cap	1.2862169688044385	7.940312854634598e-27	False	False	1.018403537	-0.419460267	-1.01124275311143	True	True
Car14	1	Cap	-1.108029948332279	8.4333459347896e-33	False	False	-1.77867332	0.591143297	-0.559277522107421	True	False
Casp4	1	Cap	1.0829447933205372	2.0791953190867912e-06	False	False	1.268191766	0.168899208	0.630814972498641	False	False
Ccdc184	2	Cap;Cap-a	3.391650024016743	3.931395495268062e-156	False	True	2.979604728	-1.924560536	0.917926593648644	True	False
Ccnd1	5	Art;Cap;Cap-a;Lymph;Vein	1.1608537082829076	1.3585603652842897e-58	True	True	1.540379734	-0.205284769	0.194833617966089	True	False
Ccng1	3	Cap;Cap-a;Vein	1.7045829591900976	3.041897205261838e-86	True	True	1.619101915	-2.094006017	-0.307238232844771	True	True
Cd109	1	Cap	1.1391905500767832	2.7195586823048565e-15	False	False	1.212757299	1.016306747	1.90307595957825	False	False
Cd247	1	Cap-a	1.459738149883857	3.0544470191751763e-14	False	False	1.839840225	0.231496947	0.932887784511539	False	False
Cdk19	2	Cap;Cap-a	-1.3367010452736416	9.016136329649198e-70	False	True	-2.06307363	-0.267469721	-0.537207984990544	False	False
Cdkn1a	3	Cap;Cap-a;Vein	2.4403165764341286	1.84927360729236e-138	True	True	3.991829275	-3.722452067	0.657960339911795	True	False
Ces2e	1	Cap	2.062363295959857	5.37961069084056e-82	False	False	0.473089749	-3.570153588	-2.90847042090374	True	True
Cfap69	2	Cap;Cap-a	1.527283858398341	1.0687861003600632e-35	False	True	2.838072686	0.217722556	0.104027723598157	False	False
Chst1	1	Cap	1.004624484562311	2.4650256528255893e-19	False	False	1.220904974	-0.461262439	-0.900618007647358	True	True
Chst2	1	Cap	1.6180302453191897	3.1374655212645586e-36	False	False	1.554427401	-0.166409932	-0.610130600601038	True	True
Clcf1	1	Cap	-1.380679389128568	1.3746318997150783e-46	False	False	-1.079677527	-0.510480617	0.384189163382258	False	True
Col18a1	4	Art;Cap;Cap-a;Vein	2.06942409750946	2.281319904084236e-50	True	True	4.059594196	0.261130588	2.18069787675603	False	False
Col6a1	2	Cap;Cap-a	2.590030125591376	6.078647112235669e-134	False	True				False	False
Col6a2	1	Cap-a	1.9584627773133447	1.2047465745452736e-30	False	False	1.796762843	-0.632460001	-2.1499312408821	True	True
Cox6b2	2	Cap;Vein	2.621636632625582	3.288529529764509e-14	False	False	2.171893164	-2.673450464	-1.13070469697407	True	True
Creb5	2	Cap;Cap-a	1.317225845560913	7.679974788372055e-12	False	True	1.148123003	0.704270152	-0.0956548852156663	False	True
Cryab	1	Cap	2.039371702660552	9.318920661902051e-10	False	False				False	False
Ctgf	3	Cap;Cap-a;Vein	1.824774847035938	1.0150024423890682e-14	True	True				False	False
Ctps	2	Cap;Cap-a	1.0839004826196708	3.85306044201513e-44	False	True	1.263396999	0.618730039	1.32573722348098	False	False
Ctsw	1	Cap-a	1.5686605789121026	7.134146769689817e-12	False	False				False	False
Cxcl1	1	Vein	1.0139249279995832	0.0001527745854952	False	False				False	False
Cxcr4	1	Cap	-1.188522865567052	6.868134686180307e-22	False	False	-1.425913473	1.0079706	0.924527109823628	True	True
Cyp26b1	3	Art;Cap;Vein	-1.6042458384948604	1.590884769731594e-10	True	True	-1.67642662	-0.437350962	-1.07986621893056	False	False
Dapk1	1	Cap	1.1557099724984794	5.018540933351842e-53	False	False				False	False
Dcxr	3	Cap;Cap-a;Vein	2.3751680302137603	4.6124101012364715e-34	True	True	1.406295317	-1.841269328	-0.26304110204934	True	True
Ddah1	3	Cap;Cap-a;Vein	1.04188620744289	2.7608365791638176e-60	True	True				False	False
Ddit4l	2	Cap;Cap-a	3.7362681786681753	2.6941589724014473e-34	False	True				False	False
Def6	2	Cap;Cap-a	1.3380401005216838	4.4085765222410955e-26	False	True	1.304738855	-0.141850446	-0.293265856410467	True	True
Ecm1	3	Cap;Cap-a;Vein	1.2299069280841544	7.671735566622086e-178	True	True	1.621900409	0.072699589	0.503808687284152	False	False
Eda2r	2	Cap;Cap-a	5.336110185012655	1.0625323900856078e-207	False	True	6.560721665	-7.671078738	-0.525853884507025	True	True
Efr3b	1	Cap-a	1.0626302693042735	6.884193543462383e-28	False	False	0.686477042	-0.36593061	-0.916349312988223	True	True
Egflam	1	Cap	1.2270043311561316	1.205195656795208e-23	False	False	1.369270134	-0.745506754	-1.84055674377238	True	True
Enho	1	Cap	1.194920986511648	2.239621707218432e-29	False	False	0.937189425	-0.114779237	0.809051480133632	True	False
Enpp2	2	Cap;Cap-a	-1.259339420084676	2.910672514821208e-69	False	True	-0.593100962	-0.83773635	-1.477318227489	False	False
Ephx1	2	Cap;Cap-a	1.4518739916442231	1.5536730146316352e-116	False	True	0.934122398	-2.858172388	-1.22465405071478	True	True
Exoc4	2	Cap;Vein	1.2784447361818845	1.78492415242786e-87	False	False	1.055922146	-1.462615538	-1.44563512438255	True	True
Fads3	2	Cap;Cap-a	1.929880170107936	1.801541064617201e-42	False	True	1.93397321	1.174702893	2.65882414640057	False	False
Fam13c	2	Cap;Cap-a	-1.552220175905208	2.4381933829977522e-49	False	True	-1.245169402	-0.464101148	-1.2815908426046	False	False
Fam81a	2	Cap;Cap-a	2.0399152411896324	3.6570553899362326e-48	False	True	2.640502285	-0.354846326	-0.604353289689274	True	True
Fam84b	2	Cap;Cap-a	-1.0358382120533378	5.698480959300468e-26	False	True				False	False
Fat1	1	Cap	1.935990661321925	1.3873014833003569e-159	False	False	1.989804768	-1.339087854	-1.28015538012358	True	True
Fgfr1	2	Cap;Cap-a	1.1959368962275732	1.1070127063527187e-26	False	True	1.75836937	0.292092413	0.890818778469767	False	False
Fn1	1	Art	1.064261051192921	1.9427303189748066e-18	False	False				False	False
Fndc1	1	Cap	1.2466851060907174	3.2335568966361683e-20	False	False	1.637689177	-0.282934535	-0.658370810406458	True	True
Frrs1	1	Cap	1.1373238732883095	2.169738581252321e-18	False	False	1.065205623	-0.588773958	-0.734655224989478	True	True
Gap43	2	Cap;Cap-a	2.682323419281616	1.078328794141237e-38	False	True	3.279853601	0.170285887	0.765515690656103	False	False
Gas6	2	Lymph;Vein	1.1907398336094226	6.453566597716136e-31	False	False	0.754704662	-1.602287395	-1.36127037174362	True	True
Gata3	1	Cap	-1.5059200737830774	2.203394587972368e-34	False	False	-0.461812515	0.19083192399999999	-0.778562215011896	True	False
Gda	2	Cap;Cap-a	1.6310748688161136	6.097157527643713e-10	False	True	3.707695924	-0.588405347	0.528709137213369	True	False
Gdf15	3	Cap;Cap-a;Vein	3.503469478935469	1.1362548344626736e-171	True	True	4.951755601	-3.487053838	4.96345899529596	True	False
Gfpt2	1	Cap	2.551277229957785	1.0039927871077294e-70	False	False	2.333051926	0.962396933	2.65595978518051	False	False
Gm14005	2	Cap;Cap-a	2.116716738556367	4.653931126257022e-23	False	True				False	False
Gm15417	1	Cap	1.3201643025777952	1.2947024386013176e-05	False	False	1.247510975	-1.174193542	0.435777821299157	True	False
Gm16104	2	Cap;Cap-a	1.2575309415466698	3.1675773939346813e-18	False	True	1.297223407	0.398505642	-0.447964298339261	False	True
Gm42047	2	Cap;Cap-a	2.4195213512118783	6.691295884880812e-11	False	True	2.426221178	-5.389071235	0.324807874532383	True	False
Gpx3	1	Cap-a	2.6521639026812727	9.050675881916571e-106	False	False				False	False
Gria3	1	Cap	2.7953126901004675	5.7149768952344126e-36	False	False	4.546433719	-3.339831727	-2.56772738748517	True	True
Gsto1	1	Cap	1.2291421784946226	9.283753159958026e-09	False	False	2.859373948	0.477970547	2.25493887073237	False	False
Gtse1	1	Cap	2.321605495993776	8.122686345142854e-82	False	False	4.181110266	-1.91695646	-0.495970056530957	True	True
H19	2	Cap;Cap-a	-2.0780110584772737	5.265273815547595e-12	False	True				False	False
Hapln1	3	Cap;Cap-a;Vein	3.073438475014981	1.3208654457353039e-133	True	True	3.613475656	0.297413466	-0.708131878899287	False	True
Has2	1	Cap	1.1758222944275822	4.996303004202769e-12	False	False	3.816985482	1.23322527	-0.138748372553895	False	True
Hbegf	2	Cap;Cap-a	-1.4454197008040022	4.165439710315401e-40	False	True	-0.800944027	0.287728097	1.07651958975162	True	True
Hoxa5	4	Art;Cap;Cap-a;Vein	-1.1623023182226997	5.2551440324016725e-46	True	True	-1.080882158	0.067872509	-0.732876202328793	True	False
Icam1	2	Cap;Cap-a	1.1163001265092496	4.347496123987872e-45	False	True	2.05225356	0.152612484	0.509521896542944	False	False
Il6	1	Vein	1.467616302143615	3.608415381163736e-06	False	False				False	False
Inhba	2	Cap;Cap-a	5.800418766489992	7.09109551961611e-302	False	True	7.063727245	-0.257615917	1.36308814175187	True	False
Itgb4	2	Art;Vein	1.1066132304766492	8.527155433121416e-12	False	False				False	False
Kif21a	2	Cap;Cap-a	1.1704466048596596	1.8757183427409104e-31	False	True	1.410625609	-0.08063828	-0.891734343778877	True	True
Kit	2	Cap;Cap-a	-1.2876073407768176	8.292710481501223e-31	False	True	-1.059630736	-0.675424624	-1.15698271946489	False	False
Krt80	1	Cap	1.030921415241857	2.365252934961482e-22	False	False	1.668896982	-0.478918393	-0.98523873436763	True	True
Lamb1	2	Cap;Cap-a	1.382839370598052	1.2848544892243862e-60	False	True	1.753385171	1.326470492	2.2796017606091	False	False
Ldlr	1	Cap	1.7813939477968226	7.902667080672609e-32	False	False	1.682258214	-0.448090358	-1.53982293314934	True	True
Lgals1	3	Cap;Cap-a;Vein	1.221526733749194	6.041444205255948e-07	True	True	2.035833981	0.899693256	2.16752296759582	False	False
Lilr4b	2	Cap;Cap-a	2.2235387447049253	1.2549564048612812e-97	False	True	2.63550194	0.601909214	2.06179222586295	False	False
Lmna	3	Cap;Cap-a;Vein	1.45656518023195	1.1857883192814486e-137	True	True	1.59186327	0.125442922	0.507610301830589	False	False
Lmo7	2	Cap;Cap-a	1.3641779736605175	9.684452677181804e-42	False	True	1.19354699	-0.140601473	0.208693690156029	True	False
Lrig3	1	Cap	-1.4799524754836044	9.318971818814143e-17	False	False	-0.919765238	-1.090573583	-1.18640833974078	False	False
Ly6c1	2	Cap;Cap-a	1.0484570783033071	3.533669231598343e-24	False	True	0.663828065	-1.050438429	0.151801485487137	True	False
Map1b	3	Art;Cap;Vein	1.1032210637399071	3.0341597797574714e-36	True	True				False	False
Map2k6	1	Cap	-1.0443479408877632	4.2973221972702127e-16	False	False	-0.731550037	-0.509414123	-1.41060696991204	False	False
Mctp1	2	Art;Cap	-1.5648949580346083	9.149696962527373e-23	False	True				False	False
Meg3	3	Cap;Cap-a;Vein	1.356355205534261	6.422313855714173e-08	True	True				False	False
Mex3b	2	Cap;Cap-a	-1.466824017812313	1.063538028189365e-56	False	True	-0.949604924	0.144126519	-0.674631605048673	True	False
Mgat5	2	Cap;Cap-a	1.6253214565687415	6.228279007696787e-84	False	True	1.601083901	-0.171881314	-0.751927660911231	True	True
Mgmt	1	Cap	3.4454194137759955	3.692140108958943e-21	False	False	4.017386433	-2.788265531	-0.757470300496512	True	True
Myo5a	2	Cap;Cap-a	1.1297006933749316	1.1092241970453124e-48	False	True	1.790154023	-0.215817977	-0.373352180407813	True	True
Ncam1	2	Cap-a;Vein	1.6870798910305784	7.76273260362422e-13	False	False	1.83729473	-0.069723968	-1.21921285776691	True	True
Neat1	2	Cap;Cap-a	1.0240241891426567	7.177017940279146e-14	False	True	1.286207557	0.093152166	0.452161697081521	False	False
Nnmt	2	Cap;Cap-a	3.752102445162036	1.7469314771287393e-32	False	True	4.522542612	0.160221135	1.63160718780164	False	False
Noct	2	Cap;Cap-a	1.242598823776924	2.8396426467102765e-15	False	True	1.260868092	1.35632165	2.10632190681738	False	False
Ntrk2	2	Cap;Cap-a	-3.016850452426767	1.001915094038187e-146	False	True	-2.886325417	-0.747174442	-1.30272090366724	False	False
Odc1	3	Cap;Cap-a;Vein	1.0990251574347687	1.2210896809827772e-38	True	True	1.383037495	0.942637778	1.84757907826444	False	False
Olfm2	1	Art	1.355980942080587	1.138578917246518e-05	False	False				False	False
Olfml2b	1	Cap-a	2.694126921707312	1.9680377358550182e-67	False	False	3.76502261	0.864835059	-0.322998447842283	False	True
Orai2	1	Cap	1.0674256499785872	1.0021031776317872e-23	False	False	1.388184338	-0.266293	0.248253674110956	True	False
Palld	4	Art;Cap;Cap-a;Vein	1.7735805822105224	1.2028424476794598e-44	True	True				False	False
Pfkfb3	1	Cap-a	1.41216749168233	1.7295380179705645e-66	False	False	1.322573702	0.297778862	0.673650551083393	False	False
Phlda3	5	Art;Cap;Cap-a;Lymph;Vein	2.1626425935091365	1.812001557419943e-164	True	True	1.950942876	-0.888571142	1.03919910616947	True	False
Plekho2	2	Cap;Cap-a	1.2344342256377947	2.0179336527554453e-46	False	True	1.37942041	0.257223236	0.9813281291962	False	False
Plpp2	1	Cap	1.2205990684587993	2.262248142858156e-08	False	False	0.846537148	1.157229551	3.24247407852288	False	False
Pls3	2	Cap;Cap-a	1.1421019125607756	1.3557699712027832e-62	False	True	1.258489355	0.084810369	0.374667415176236	False	False
Plxna2	2	Cap;Cap-a	1.1200735308404255	8.208815767433684e-39	False	True				False	False
Pmaip1	1	Cap	1.1748531857369169	1.0274213584557326e-34	False	False	1.421837857	-1.916943923	-0.381631966594661	True	True
Pmm1	2	Cap;Cap-a	1.087433214409984	5.373880766322803e-09	False	True	1.237327873	0.682296514	1.97327292590877	False	False
Prdm8	2	Cap;Cap-a	-1.2245262081380075	5.238731716760127e-35	False	True	-0.52068419	-0.68791343	-1.94722375982784	False	False
Prnp	3	Art;Cap;Cap-a	1.793042164925908	2.2494049662426916e-116	True	True	2.698072136	-0.731104758	0.374507874216563	True	False
Prps2	1	Cap	1.3595516250518405	5.712724251602294e-41	False	False	0.890038617	-0.793814428	-0.47755277602168	True	True
Psrc1	1	Cap	2.240619433789911	1.911355746646165e-38	False	False	4.844327433	-5.008227237	0.404110171668921	True	False
Ptgs2	1	Vein	2.50688499309756	1.8760280976264032e-59	False	False				False	False
Ptpn7	2	Cap;Cap-a	2.3048367214438903	1.5987965615879454e-79	False	True	3.052606914	-1.08820492	-0.570901254334785	True	True
Ptpre	1	Cap	1.0439228325255805	1.583879450110065e-16	False	False	1.290306106	-0.098981572	0.119234706185711	True	False
Pvt1	1	Cap	4.292932075766613	6.873150447320769e-30	False	False	5.791141284	-2.250833702	-0.128225932863686	True	True
Renbp	2	Cap;Cap-a	1.2173004503603693	1.253121833625801e-25	False	True	1.789951286	0.403702001	0.505341137592708	False	False
Rhod	1	Cap-a	2.362020052926681	6.0072460581252135e-43	False	False	3.578353254	-0.614496749	0.546876960793545	True	False
Rnf152	2	Cap;Cap-a	1.982297811118148	5.673500329733149e-40	False	True	2.331428177	0.410853716	-0.246351382540104	False	True
Rps27l	4	Cap;Cap-a;Lymph;Vein	1.0907386884763768	2.785314935359451e-26	True	True	0.926806077	-0.395982662	0.684870629477075	True	False
Ryr2	2	Cap;Cap-a	2.1241661510403094	3.0516254667874024e-38	False	True	2.765557458	0.163333903	-1.74737015354039	False	True
S100a6	4	Art;Cap;Cap-a;Vein	1.642662315592485	1.4642981451346922e-14	True	True	2.866563299	0.904817046	3.43002613520782	False	False
Sall1	1	Cap-a	2.981491408126945	7.062495935770227e-54	False	False	4.666021324	-0.167068073	0.236514778722427	True	False
Scube1	1	Cap	-1.3775984828550951	2.2598762634403508e-41	False	False	-1.260761419	-0.556250112	-2.12227683954975	False	False
Sdc4	2	Cap;Cap-a	1.281594891870274	2.3746622986849816e-62	False	True	1.431237503	-0.765726071	0.0591523761122904	True	False
Serp2	2	Cap;Cap-a	1.6281026114237869	7.88273356998395e-11	False	True	1.811622987	-0.251895311	0.485101159453911	True	False
Serpine1	2	Cap;Cap-a	2.502890394938672	5.535927812832002e-134	False	True	2.649764982	0.32284421	1.36665070824732	False	False
Serpine2	4	Cap;Cap-a;Lymph;Vein	2.028358829521411	1.8811523964636228e-33	True	True	2.71422056	-1.386894548	0.0798791414846989	True	False
Sertad3	1	Cap	-1.0420502224947543	6.413334310398616e-12	False	False	-0.417910191	0.320526045	1.24492955249424	True	True
Sesn2	1	Cap	1.4813252771373675	1.2750170937587425e-45	False	False	2.267781955	-2.884368567	-1.12449499598338	True	True
Sfrp2	1	Art	2.0205538590023413	4.940956042426062e-13	False	False				False	False
Sh3bgrl2	2	Cap;Cap-a	2.0438991621436573	2.6006048427975414e-74	False	True	2.170957189	-0.599653166	0.221338891569186	True	False
Shroom3	1	Cap	1.169095023736599	1.885794183790762e-37	False	False	1.674480035	-0.262471654	-1.08623015860303	True	True
Slc12a2	1	Cap	1.232363312194675	4.063296143081355e-93	False	False	1.524668291	-0.065266609	-1.03809613114667	True	True
Slc1a5	2	Cap;Cap-a	1.044316346774086	7.2479032500823575e-12	False	True	1.99987939	1.158118217	0.969856304984254	False	False
Slc24a4	1	Cap	-1.2042255735535554	1.5181735966756357e-22	False	False	-0.786887903	-0.384025765	-1.98287209541062	False	False
Slc40a1	2	Cap;Cap-a	1.793907882652951	8.182076132372694e-26	False	True	2.715799997	0.139812147	2.13598393884943	False	False
Sox11	3	Cap;Cap-a;Vein	-1.29672944079616	1.2028424476794598e-44	True	True	-0.699791642	0.475114186	-1.59979806819623	True	False
Sparcl1	3	Art;Cap;Cap-a	-1.844907626643087	4.276807678510405e-54	True	True	-2.794704007	0.696406475	0.920844004868982	True	True
Spata13	2	Cap;Cap-a	1.0174015356498698	5.49683961278662e-29	False	True	1.650074585	0.770961687	1.27132129781043	False	False
Spry4	1	Cap-a	1.0313174211684597	7.6371596546642e-19	False	False				False	False
Sqle	1	Cap	1.0164969857817117	5.130651955903292e-09	False	False	0.976012138	-0.284845665	-0.648203984037842	True	True
Stk4	2	Cap;Cap-a	-1.260362113575773	9.500484916243356e-45	False	True	-0.734733389	-0.331247454	-1.15144741114917	False	False
Sulf2	2	Cap;Cap-a	2.0399897334802364	4.620228152582063e-135	False	True	1.959509036	-2.100372467	-0.961519612523024	True	True
Synpo	3	Art;Cap;Vein	1.6401090467163126	3.5755095529035666e-37	True	True	2.047171842	-0.122040055	0.342204656008181	True	False
Tbc1d9	1	Cap	1.5033995237963471	6.31882714622987e-38	False	False	2.34049781	0.976731779	0.916069369999218	False	False
Tbxas1	1	Cap-a	2.3426133461710155	6.166737256139943e-62	False	False	2.375733917	-0.132243318	-1.04403593306238	True	True
Tgfb2	2	Cap;Cap-a	1.529180819566117	8.160259199665852e-47	False	True	0.848377488	0.928914592	2.19441878666717	False	False
Timp1	2	Cap;Cap-a	1.5354309042112826	2.881478643151673e-08	False	True				False	False
Timp3	2	Cap;Cap-a	2.246976161251243	7.561481309408879e-181	False	True	2.497786709	0.19795701	-0.134759774915496	False	True
Tinagl1	3	Cap;Cap-a;Vein	1.9984268997495973	1.046358464519953e-74	True	True	2.402409301	0.422588613	1.49080354915535	False	False
Tmem255a	2	Cap;Cap-a	3.1054303430384023	8.985657380086505e-69	False	True	3.53072183	0.859149122	-0.169587337759646	False	True
Tmod2	2	Cap;Cap-a	1.1040095777316787	9.050541441615188e-94	False	True				False	False
Tnc	1	Cap	2.0025562449452816	4.688197418010382e-19	False	False	0.936539196	1.253260469	2.72152821596992	False	False
Tnfrsf12a	2	Cap;Cap-a	1.474263196249486	2.836006543522578e-32	False	True	2.506048712	1.216265267	3.5994227953623	False	False
Tnfrsf21	1	Cap-a	1.411638381576481	6.01623524335214e-16	False	False	1.468741345	0.276494844	-0.0955430012728242	False	True
Tox3	3	Art;Cap;Cap-a	-1.1031031164431853	5.8219547828140456e-21	True	True	-0.719954801	-0.084548922	-1.06854793529497	False	False
Trp53inp1	1	Vein	1.354133993619295	5.780204653771365e-81	False	False	0.599313041	-2.612768064	-1.56392643101289	True	True
Tsga10	1	Cap	-1.0181839673871504	3.1157336032558265e-10	False	False	-1.094989275	-0.249079796	-0.46016450920648	False	False
Uap1l1	2	Cap;Cap-a	1.8105954182604496	1.2206622268662797e-50	False	True	2.078021526	0.356766881	1.32061999019129	False	False
Ubtd1	2	Cap;Cap-a	1.0239612549577484	5.884963066454261e-22	False	True				False	False
Vwa1	2	Cap;Cap-a	2.2061473101804863	5.123610590105404e-32	False	True	2.221237608	0.299311925	1.53433109813854	False	False
Wfdc1	1	Cap-a	-1.028960462275884	1.5324348950706983e-24	False	False	-1.235247742	-0.164368327	-1.21068597778957	False	False
Wif1	2	Cap;Cap-a	-1.8793145953137247	1.6691795298356468e-41	False	True	-1.572309639	0.288626771	-1.73289015705004	True	False
Zbtb7b	1	Cap	1.0983313299982842	3.3397258061409688e-40	False	False	1.411439024	-0.964661312	-0.693845081783199	True	True
Zfp36l2	3	Cap;Cap-a;Vein	-1.1017047856816735	3.548349020384479e-52	True	True	-0.635023705	0.314422902	0.456273335228187	True	True
Zmat3	3	Cap;Cap-a;Vein	2.6456334090355784	5.096871705244597e-231	True	True	2.590574445	-2.663438928	-1.01243372236815	True	True
