sample	condition	subtype	gene	raw_count	detected	log2CPM_TMM	log2CPM_library	subset_definition	gene_upper	expression_mean	expression_sd	expression_z	evidence_column	expression_label
BPD 1	BPD	aCap	APLN	9	TRUE	7.01501217813728	7.17517442900163	post-projection exploratory annotation: one-to-one ortholog, mouse high-confidence breadth >=3, expression-eligible, and direction-concordant in every BPD+PH-versus-BPD donor pairing within All Endothelial, gCap, and aCap	APLN	7.74005102478059	1.06912581641232	-0.678160451757057	aCap | BPD1	7.0
BPD 1	BPD	aCap	BAX	0	FALSE	1.35838704292938	1.15027289730617	post-projection exploratory annotation: one-to-one ortholog, mouse high-confidence breadth >=3, expression-eligible, and direction-concordant in every BPD+PH-versus-BPD donor pairing within All Endothelial, gCap, and aCap	BAX	5.55466111120963	3.14603145613255	-1.33383093169665	aCap | BPD1	1.4
BPD 1	BPD	aCap	CCN2	0	FALSE	1.35838704292938	1.15027289730617	post-projection exploratory annotation: one-to-one ortholog, mouse high-confidence breadth >=3, expression-eligible, and direction-concordant in every BPD+PH-versus-BPD donor pairing within All Endothelial, gCap, and aCap	CCN2	6.32003185385861	3.55220313998397	-1.39677958027807	aCap | BPD1	1.4
BPD 1	BPD	aCap	CCND1	7	TRUE	6.66059037304277	6.8189208907934	post-projection exploratory annotation: one-to-one ortholog, mouse high-confidence breadth >=3, expression-eligible, and direction-concordant in every BPD+PH-versus-BPD donor pairing within All Endothelial, gCap, and aCap	CCND1	8.66703892760347	1.5618059247749	-1.28469774812122	aCap | BPD1	6.7
BPD 1	BPD	aCap	CCNG1	0	FALSE	1.35838704292938	1.15027289730617	post-projection exploratory annotation: one-to-one ortholog, mouse high-confidence breadth >=3, expression-eligible, and direction-concordant in every BPD+PH-versus-BPD donor pairing within All Endothelial, gCap, and aCap	CCNG1	2.89417457170636	1.92563367393091	-0.797549165019475	aCap | BPD1	1.4
BPD 1	BPD	aCap	CDKN1A	2	TRUE	4.94186606781029	5.08078434522977	post-projection exploratory annotation: one-to-one ortholog, mouse high-confidence breadth >=3, expression-eligible, and direction-concordant in every BPD+PH-versus-BPD donor pairing within All Endothelial, gCap, and aCap	CDKN1A	4.99215628803903	2.58638742668289	-0.01944419452009	aCap | BPD1	4.9
BPD 1	BPD	aCap	COL18A1	5	TRUE	6.18971546130695	6.34479460988235	post-projection exploratory annotation: one-to-one ortholog, mouse high-confidence breadth >=3, expression-eligible, and direction-concordant in every BPD+PH-versus-BPD donor pairing within All Endothelial, gCap, and aCap	COL18A1	6.01277565689975	3.25185427851633	0.0544119721403774	aCap | BPD1	6.2
BPD 1	BPD	aCap	ECM1	1	TRUE	4.05745745292865	4.17242872261756	post-projection exploratory annotation: one-to-one ortholog, mouse high-confidence breadth >=3, expression-eligible, and direction-concordant in every BPD+PH-versus-BPD donor pairing within All Endothelial, gCap, and aCap	ECM1	4.01881822676569	1.8735781613545	0.0206232261668926	aCap | BPD1	4.1
BPD 1	BPD	aCap	GDF15	0	FALSE	1.35838704292938	1.15027289730617	post-projection exploratory annotation: one-to-one ortholog, mouse high-confidence breadth >=3, expression-eligible, and direction-concordant in every BPD+PH-versus-BPD donor pairing within All Endothelial, gCap, and aCap	GDF15	4.68359960906057	3.84827934803726	-0.864077751483178	aCap | BPD1	1.4
BPD 1	BPD	aCap	LGALS1	18	TRUE	8.00064101287274	8.16405349525568	post-projection exploratory annotation: one-to-one ortholog, mouse high-confidence breadth >=3, expression-eligible, and direction-concordant in every BPD+PH-versus-BPD donor pairing within All Endothelial, gCap, and aCap	LGALS1	9.53648214876206	1.66529130409524	-0.922265751410829	aCap | BPD1	8.0
BPD 1	BPD	aCap	MAP1B	1	TRUE	4.05745745292865	4.17242872261756	post-projection exploratory annotation: one-to-one ortholog, mouse high-confidence breadth >=3, expression-eligible, and direction-concordant in every BPD+PH-versus-BPD donor pairing within All Endothelial, gCap, and aCap	MAP1B	5.62355016803209	1.15519765811137	-1.35569242554027	aCap | BPD1	4.1
BPD 1	BPD	aCap	PHLDA3	0	FALSE	1.35838704292938	1.15027289730617	post-projection exploratory annotation: one-to-one ortholog, mouse high-confidence breadth >=3, expression-eligible, and direction-concordant in every BPD+PH-versus-BPD donor pairing within All Endothelial, gCap, and aCap	PHLDA3	4.27356869849519	2.12368605679954	-1.37269896660671	aCap | BPD1	1.4
BPD 1	BPD	aCap	RPS27L	7	TRUE	6.66059037304277	6.8189208907934	post-projection exploratory annotation: one-to-one ortholog, mouse high-confidence breadth >=3, expression-eligible, and direction-concordant in every BPD+PH-versus-BPD donor pairing within All Endothelial, gCap, and aCap	RPS27L	7.73199158030551	1.38000769414943	-0.776373357775438	aCap | BPD1	6.7
BPD 1	BPD	aCap	S100A6	146	TRUE	11.0078223352368	11.1741321668726	post-projection exploratory annotation: one-to-one ortholog, mouse high-confidence breadth >=3, expression-eligible, and direction-concordant in every BPD+PH-versus-BPD donor pairing within All Endothelial, gCap, and aCap	S100A6	12.3630990353464	1.87462551968418	-0.722958631405982	aCap | BPD1	11.0
BPD 1	BPD	aCap	TINAGL1	6	TRUE	6.44427909753245	6.60124779227027	post-projection exploratory annotation: one-to-one ortholog, mouse high-confidence breadth >=3, expression-eligible, and direction-concordant in every BPD+PH-versus-BPD donor pairing within All Endothelial, gCap, and aCap	TINAGL1	6.31150961114199	1.58976904511092	0.0835149525641941	aCap | BPD1	6.4
BPD 1	BPD	aCap	ZFP36L2	16	TRUE	7.83252025544861	7.9955233076651	post-projection exploratory annotation: one-to-one ortholog, mouse high-confidence breadth >=3, expression-eligible, and direction-concordant in every BPD+PH-versus-BPD donor pairing within All Endothelial, gCap, and aCap	ZFP36L2	7.16877744721768	1.64612933226514	0.403214252502013	aCap | BPD1	7.8
BPD 1	BPD	aCap	ZMAT3	0	FALSE	1.35838704292938	1.15027289730617	post-projection exploratory annotation: one-to-one ortholog, mouse high-confidence breadth >=3, expression-eligible, and direction-concordant in every BPD+PH-versus-BPD donor pairing within All Endothelial, gCap, and aCap	ZMAT3	3.59743284190735	2.60191265428315	-0.860538417879691	aCap | BPD1	1.4
BPD 2	BPD	aCap	APLN	7	TRUE	6.63592288236705	6.85223618410664	post-projection exploratory annotation: one-to-one ortholog, mouse high-confidence breadth >=3, expression-eligible, and direction-concordant in every BPD+PH-versus-BPD donor pairing within All Endothelial, gCap, and aCap	APLN	7.74005102478059	1.06912581641232	-1.03273920193853	aCap | BPD2	6.6
BPD 2	BPD	aCap	BAX	2	TRUE	4.91868026711328	5.11255601541332	post-projection exploratory annotation: one-to-one ortholog, mouse high-confidence breadth >=3, expression-eligible, and direction-concordant in every BPD+PH-versus-BPD donor pairing within All Endothelial, gCap, and aCap	BAX	5.55466111120963	3.14603145613255	-0.20215336463233	aCap | BPD2	4.9
BPD 2	BPD	aCap	CCN2	5	TRUE	6.16529763852282	6.37785292124243	post-projection exploratory annotation: one-to-one ortholog, mouse high-confidence breadth >=3, expression-eligible, and direction-concordant in every BPD+PH-versus-BPD donor pairing within All Endothelial, gCap, and aCap	CCN2	6.32003185385861	3.55220313998397	-0.0435600694099073	aCap | BPD2	6.2
BPD 2	BPD	aCap	CCND1	21	TRUE	8.19587352767629	8.41860278268666	post-projection exploratory annotation: one-to-one ortholog, mouse high-confidence breadth >=3, expression-eligible, and direction-concordant in every BPD+PH-versus-BPD donor pairing within All Endothelial, gCap, and aCap	CCND1	8.66703892760347	1.5618059247749	-0.301679864606154	aCap | BPD2	8.2
BPD 2	BPD	aCap	CCNG1	0	FALSE	1.35838704292938	1.15027289730617	post-projection exploratory annotation: one-to-one ortholog, mouse high-confidence breadth >=3, expression-eligible, and direction-concordant in every BPD+PH-versus-BPD donor pairing within All Endothelial, gCap, and aCap	CCNG1	2.89417457170636	1.92563367393091	-0.797549165019475	aCap | BPD2	1.4
BPD 2	BPD	aCap	CDKN1A	0	FALSE	1.35838704292938	1.15027289730617	post-projection exploratory annotation: one-to-one ortholog, mouse high-confidence breadth >=3, expression-eligible, and direction-concordant in every BPD+PH-versus-BPD donor pairing within All Endothelial, gCap, and aCap	CDKN1A	4.99215628803903	2.58638742668289	-1.4049593682761	aCap | BPD2	1.4
BPD 2	BPD	aCap	COL18A1	0	FALSE	1.35838704292938	1.15027289730617	post-projection exploratory annotation: one-to-one ortholog, mouse high-confidence breadth >=3, expression-eligible, and direction-concordant in every BPD+PH-versus-BPD donor pairing within All Endothelial, gCap, and aCap	COL18A1	6.01277565689975	3.25185427851633	-1.43130294758902	aCap | BPD2	1.4
BPD 2	BPD	aCap	ECM1	0	FALSE	1.35838704292938	1.15027289730617	post-projection exploratory annotation: one-to-one ortholog, mouse high-confidence breadth >=3, expression-eligible, and direction-concordant in every BPD+PH-versus-BPD donor pairing within All Endothelial, gCap, and aCap	ECM1	4.01881822676569	1.8735781613545	-1.41997341702198	aCap | BPD2	1.4
BPD 2	BPD	aCap	GDF15	0	FALSE	1.35838704292938	1.15027289730617	post-projection exploratory annotation: one-to-one ortholog, mouse high-confidence breadth >=3, expression-eligible, and direction-concordant in every BPD+PH-versus-BPD donor pairing within All Endothelial, gCap, and aCap	GDF15	4.68359960906057	3.84827934803726	-0.864077751483178	aCap | BPD2	1.4
BPD 2	BPD	aCap	LGALS1	21	TRUE	8.19587352767629	8.41860278268666	post-projection exploratory annotation: one-to-one ortholog, mouse high-confidence breadth >=3, expression-eligible, and direction-concordant in every BPD+PH-versus-BPD donor pairing within All Endothelial, gCap, and aCap	LGALS1	9.53648214876206	1.66529130409524	-0.805029497114995	aCap | BPD2	8.2
BPD 2	BPD	aCap	MAP1B	3	TRUE	5.46228971100791	5.66633156918166	post-projection exploratory annotation: one-to-one ortholog, mouse high-confidence breadth >=3, expression-eligible, and direction-concordant in every BPD+PH-versus-BPD donor pairing within All Endothelial, gCap, and aCap	MAP1B	5.62355016803209	1.15519765811137	-0.139595553965914	aCap | BPD2	5.5
BPD 2	BPD	aCap	PHLDA3	1	TRUE	4.03607016987018	4.20226500307734	post-projection exploratory annotation: one-to-one ortholog, mouse high-confidence breadth >=3, expression-eligible, and direction-concordant in every BPD+PH-versus-BPD donor pairing within All Endothelial, gCap, and aCap	PHLDA3	4.27356869849519	2.12368605679954	-0.111833162846551	aCap | BPD2	4.0
BPD 2	BPD	aCap	RPS27L	6	TRUE	6.41971625300219	6.63445552577021	post-projection exploratory annotation: one-to-one ortholog, mouse high-confidence breadth >=3, expression-eligible, and direction-concordant in every BPD+PH-versus-BPD donor pairing within All Endothelial, gCap, and aCap	RPS27L	7.73199158030551	1.38000769414943	-0.950918848399708	aCap | BPD2	6.4
BPD 2	BPD	aCap	S100A6	105	TRUE	10.5076741881775	10.7330248788262	post-projection exploratory annotation: one-to-one ortholog, mouse high-confidence breadth >=3, expression-eligible, and direction-concordant in every BPD+PH-versus-BPD donor pairing within All Endothelial, gCap, and aCap	S100A6	12.3630990353464	1.87462551968418	-0.989757595683156	aCap | BPD2	10.5
BPD 2	BPD	aCap	TINAGL1	1	TRUE	4.03607016987018	4.20226500307734	post-projection exploratory annotation: one-to-one ortholog, mouse high-confidence breadth >=3, expression-eligible, and direction-concordant in every BPD+PH-versus-BPD donor pairing within All Endothelial, gCap, and aCap	TINAGL1	6.31150961114199	1.58976904511092	-1.43130189147257	aCap | BPD2	4.0
BPD 2	BPD	aCap	ZFP36L2	42	TRUE	9.18955221720754	9.41391611184658	post-projection exploratory annotation: one-to-one ortholog, mouse high-confidence breadth >=3, expression-eligible, and direction-concordant in every BPD+PH-versus-BPD donor pairing within All Endothelial, gCap, and aCap	ZFP36L2	7.16877744721768	1.64612933226514	1.22759173922816	aCap | BPD2	9.2
BPD 2	BPD	aCap	ZMAT3	0	FALSE	1.35838704292938	1.15027289730617	post-projection exploratory annotation: one-to-one ortholog, mouse high-confidence breadth >=3, expression-eligible, and direction-concordant in every BPD+PH-versus-BPD donor pairing within All Endothelial, gCap, and aCap	ZMAT3	3.59743284190735	2.60191265428315	-0.860538417879691	aCap | BPD2	1.4
BPD+PH 1	BPD+PH	aCap	APLN	221	TRUE	8.73007924417049	8.40174039908328	post-projection exploratory annotation: one-to-one ortholog, mouse high-confidence breadth >=3, expression-eligible, and direction-concordant in every BPD+PH-versus-BPD donor pairing within All Endothelial, gCap, and aCap	APLN	7.74005102478059	1.06912581641232	0.926016568108088	aCap | PH1	8.7
BPD+PH 1	BPD+PH	aCap	BAX	126	TRUE	7.92600961221837	7.59823884701137	post-projection exploratory annotation: one-to-one ortholog, mouse high-confidence breadth >=3, expression-eligible, and direction-concordant in every BPD+PH-versus-BPD donor pairing within All Endothelial, gCap, and aCap	BAX	5.55466111120963	3.14603145613255	0.753758674722174	aCap | PH1	7.9
BPD+PH 1	BPD+PH	aCap	CCN2	206	TRUE	8.62931137752007	8.30102763087868	post-projection exploratory annotation: one-to-one ortholog, mouse high-confidence breadth >=3, expression-eligible, and direction-concordant in every BPD+PH-versus-BPD donor pairing within All Endothelial, gCap, and aCap	CCN2	6.32003185385861	3.55220313998397	0.65009782173434	aCap | PH1	8.6
BPD+PH 1	BPD+PH	aCap	CCND1	507	TRUE	9.9230962680633	9.59432885584473	post-projection exploratory annotation: one-to-one ortholog, mouse high-confidence breadth >=3, expression-eligible, and direction-concordant in every BPD+PH-versus-BPD donor pairing within All Endothelial, gCap, and aCap	CCND1	8.66703892760347	1.5618059247749	0.804233945162462	aCap | PH1	9.9
BPD+PH 1	BPD+PH	aCap	CCNG1	20	TRUE	5.34909805461154	5.02791434140289	post-projection exploratory annotation: one-to-one ortholog, mouse high-confidence breadth >=3, expression-eligible, and direction-concordant in every BPD+PH-versus-BPD donor pairing within All Endothelial, gCap, and aCap	CCNG1	2.89417457170636	1.92563367393091	1.27486526442686	aCap | PH1	5.3
BPD+PH 1	BPD+PH	aCap	CDKN1A	67	TRUE	7.02815078255934	6.70152714344655	post-projection exploratory annotation: one-to-one ortholog, mouse high-confidence breadth >=3, expression-eligible, and direction-concordant in every BPD+PH-versus-BPD donor pairing within All Endothelial, gCap, and aCap	CDKN1A	4.99215628803903	2.58638742668289	0.787196254325877	aCap | PH1	7.0
BPD+PH 1	BPD+PH	aCap	COL18A1	164	TRUE	8.30275316278178	7.97467685773005	post-projection exploratory annotation: one-to-one ortholog, mouse high-confidence breadth >=3, expression-eligible, and direction-concordant in every BPD+PH-versus-BPD donor pairing within All Endothelial, gCap, and aCap	COL18A1	6.01277565689975	3.25185427851633	0.704206680173516	aCap | PH1	8.3
BPD+PH 1	BPD+PH	aCap	ECM1	21	TRUE	5.4151594270196	5.09362229589009	post-projection exploratory annotation: one-to-one ortholog, mouse high-confidence breadth >=3, expression-eligible, and direction-concordant in every BPD+PH-versus-BPD donor pairing within All Endothelial, gCap, and aCap	ECM1	4.01881822676569	1.8735781613545	0.745280463369852	aCap | PH1	5.4
BPD+PH 1	BPD+PH	aCap	GDF15	107	TRUE	7.69289495362633	7.36535728848665	post-projection exploratory annotation: one-to-one ortholog, mouse high-confidence breadth >=3, expression-eligible, and direction-concordant in every BPD+PH-versus-BPD donor pairing within All Endothelial, gCap, and aCap	GDF15	4.68359960906057	3.84827934803726	0.781984641031995	aCap | PH1	7.7
BPD+PH 1	BPD+PH	aCap	LGALS1	1140	TRUE	11.0899552607836	10.7610030258288	post-projection exploratory annotation: one-to-one ortholog, mouse high-confidence breadth >=3, expression-eligible, and direction-concordant in every BPD+PH-versus-BPD donor pairing within All Endothelial, gCap, and aCap	LGALS1	9.53648214876206	1.66529130409524	0.932853674429981	aCap | PH1	11.1
BPD+PH 1	BPD+PH	aCap	MAP1B	50	TRUE	6.6155214733726	6.28971706897305	post-projection exploratory annotation: one-to-one ortholog, mouse high-confidence breadth >=3, expression-eligible, and direction-concordant in every BPD+PH-versus-BPD donor pairing within All Endothelial, gCap, and aCap	MAP1B	5.62355016803209	1.15519765811137	0.858702663025026	aCap | PH1	6.6
BPD+PH 1	BPD+PH	aCap	PHLDA3	30	TRUE	5.9034886169862	5.57978367028206	post-projection exploratory annotation: one-to-one ortholog, mouse high-confidence breadth >=3, expression-eligible, and direction-concordant in every BPD+PH-versus-BPD donor pairing within All Endothelial, gCap, and aCap	PHLDA3	4.27356869849519	2.12368605679954	0.767495700822816	aCap | PH1	5.9
BPD+PH 1	BPD+PH	aCap	RPS27L	247	TRUE	8.88962666468533	8.56120807908553	post-projection exploratory annotation: one-to-one ortholog, mouse high-confidence breadth >=3, expression-eligible, and direction-concordant in every BPD+PH-versus-BPD donor pairing within All Endothelial, gCap, and aCap	RPS27L	7.73199158030551	1.38000769414943	0.838861326127123	aCap | PH1	8.9
BPD+PH 1	BPD+PH	aCap	S100A6	9866	TRUE	14.2018850322849	13.8728015257513	post-projection exploratory annotation: one-to-one ortholog, mouse high-confidence breadth >=3, expression-eligible, and direction-concordant in every BPD+PH-versus-BPD donor pairing within All Endothelial, gCap, and aCap	S100A6	12.3630990353464	1.87462551968418	0.980881769521779	aCap | PH1	14.2
BPD+PH 1	BPD+PH	aCap	TINAGL1	100	TRUE	7.59653501325269	7.26910524707085	post-projection exploratory annotation: one-to-one ortholog, mouse high-confidence breadth >=3, expression-eligible, and direction-concordant in every BPD+PH-versus-BPD donor pairing within All Endothelial, gCap, and aCap	TINAGL1	6.31150961114199	1.58976904511092	0.808309487508636	aCap | PH1	7.6
BPD+PH 1	BPD+PH	aCap	ZFP36L2	29	TRUE	5.85670835201957	5.53318088962564	post-projection exploratory annotation: one-to-one ortholog, mouse high-confidence breadth >=3, expression-eligible, and direction-concordant in every BPD+PH-versus-BPD donor pairing within All Endothelial, gCap, and aCap	ZFP36L2	7.16877744721768	1.64612933226514	-0.797063189070721	aCap | PH1	5.9
BPD+PH 1	BPD+PH	aCap	ZMAT3	22	TRUE	5.47832781939194	5.15646747559359	post-projection exploratory annotation: one-to-one ortholog, mouse high-confidence breadth >=3, expression-eligible, and direction-concordant in every BPD+PH-versus-BPD donor pairing within All Endothelial, gCap, and aCap	ZMAT3	3.59743284190735	2.60191265428315	0.722889361558063	aCap | PH1	5.5
BPD+PH 2	BPD+PH	aCap	APLN	43	TRUE	8.57918979444755	8.51464046533209	post-projection exploratory annotation: one-to-one ortholog, mouse high-confidence breadth >=3, expression-eligible, and direction-concordant in every BPD+PH-versus-BPD donor pairing within All Endothelial, gCap, and aCap	APLN	7.74005102478059	1.06912581641232	0.784883085587499	aCap | PH2	8.6
BPD+PH 2	BPD+PH	aCap	BAX	29	TRUE	8.01556752257747	7.95057730019313	post-projection exploratory annotation: one-to-one ortholog, mouse high-confidence breadth >=3, expression-eligible, and direction-concordant in every BPD+PH-versus-BPD donor pairing within All Endothelial, gCap, and aCap	BAX	5.55466111120963	3.14603145613255	0.782225621606804	aCap | PH2	8.0
BPD+PH 2	BPD+PH	aCap	CCN2	63	TRUE	9.12713135646218	9.06287344184185	post-projection exploratory annotation: one-to-one ortholog, mouse high-confidence breadth >=3, expression-eligible, and direction-concordant in every BPD+PH-versus-BPD donor pairing within All Endothelial, gCap, and aCap	CCN2	6.32003185385861	3.55220313998397	0.790241827953634	aCap | PH2	9.1
BPD+PH 2	BPD+PH	aCap	CCND1	107	TRUE	9.88859554163153	9.82459625804424	post-projection exploratory annotation: one-to-one ortholog, mouse high-confidence breadth >=3, expression-eligible, and direction-concordant in every BPD+PH-versus-BPD donor pairing within All Endothelial, gCap, and aCap	CCND1	8.66703892760347	1.5618059247749	0.782143667564915	aCap | PH2	9.9
BPD+PH 2	BPD+PH	aCap	CCNG1	1	TRUE	3.51082614635513	3.41593726297925	post-projection exploratory annotation: one-to-one ortholog, mouse high-confidence breadth >=3, expression-eligible, and direction-concordant in every BPD+PH-versus-BPD donor pairing within All Endothelial, gCap, and aCap	CCNG1	2.89417457170636	1.92563367393091	0.320233065612093	aCap | PH2	3.5
BPD+PH 2	BPD+PH	aCap	CDKN1A	11	TRUE	6.6402212588571	6.57305553493313	post-projection exploratory annotation: one-to-one ortholog, mouse high-confidence breadth >=3, expression-eligible, and direction-concordant in every BPD+PH-versus-BPD donor pairing within All Endothelial, gCap, and aCap	CDKN1A	4.99215628803903	2.58638742668289	0.637207308470317	aCap | PH2	6.6
BPD+PH 2	BPD+PH	aCap	COL18A1	33	TRUE	8.2002469605809	8.13542056323863	post-projection exploratory annotation: one-to-one ortholog, mouse high-confidence breadth >=3, expression-eligible, and direction-concordant in every BPD+PH-versus-BPD donor pairing within All Endothelial, gCap, and aCap	COL18A1	6.01277565689975	3.25185427851633	0.672684295275122	aCap | PH2	8.2
BPD+PH 2	BPD+PH	aCap	ECM1	4	TRUE	5.24426898418511	5.17131126905873	post-projection exploratory annotation: one-to-one ortholog, mouse high-confidence breadth >=3, expression-eligible, and direction-concordant in every BPD+PH-versus-BPD donor pairing within All Endothelial, gCap, and aCap	ECM1	4.01881822676569	1.8735781613545	0.654069727485236	aCap | PH2	5.2
BPD+PH 2	BPD+PH	aCap	GDF15	36	TRUE	8.32472939675719	8.26000215906166	post-projection exploratory annotation: one-to-one ortholog, mouse high-confidence breadth >=3, expression-eligible, and direction-concordant in every BPD+PH-versus-BPD donor pairing within All Endothelial, gCap, and aCap	GDF15	4.68359960906057	3.84827934803726	0.946170861934361	aCap | PH2	8.3
BPD+PH 2	BPD+PH	aCap	LGALS1	210	TRUE	10.8594587937156	10.7956416966786	post-projection exploratory annotation: one-to-one ortholog, mouse high-confidence breadth >=3, expression-eligible, and direction-concordant in every BPD+PH-versus-BPD donor pairing within All Endothelial, gCap, and aCap	LGALS1	9.53648214876206	1.66529130409524	0.794441574095842	aCap | PH2	10.9
BPD+PH 2	BPD+PH	aCap	MAP1B	9	TRUE	6.35893203481921	6.29100343100694	post-projection exploratory annotation: one-to-one ortholog, mouse high-confidence breadth >=3, expression-eligible, and direction-concordant in every BPD+PH-versus-BPD donor pairing within All Endothelial, gCap, and aCap	MAP1B	5.62355016803209	1.15519765811137	0.636585316481157	aCap | PH2	6.4
BPD+PH 2	BPD+PH	aCap	PHLDA3	6	TRUE	5.79632896419501	5.72634442926303	post-projection exploratory annotation: one-to-one ortholog, mouse high-confidence breadth >=3, expression-eligible, and direction-concordant in every BPD+PH-versus-BPD donor pairing within All Endothelial, gCap, and aCap	PHLDA3	4.27356869849519	2.12368605679954	0.717036428630445	aCap | PH2	5.8
BPD+PH 2	BPD+PH	aCap	RPS27L	56	TRUE	8.95803303049173	8.89369668194423	post-projection exploratory annotation: one-to-one ortholog, mouse high-confidence breadth >=3, expression-eligible, and direction-concordant in every BPD+PH-versus-BPD donor pairing within All Endothelial, gCap, and aCap	RPS27L	7.73199158030551	1.38000769414943	0.888430880048025	aCap | PH2	9.0
BPD+PH 2	BPD+PH	aCap	S100A6	1543	TRUE	13.7350145856864	13.6713613851339	post-projection exploratory annotation: one-to-one ortholog, mouse high-confidence breadth >=3, expression-eligible, and direction-concordant in every BPD+PH-versus-BPD donor pairing within All Endothelial, gCap, and aCap	S100A6	12.3630990353464	1.87462551968418	0.73183445756736	aCap | PH2	13.7
BPD+PH 2	BPD+PH	aCap	TINAGL1	16	TRUE	7.16915416391263	7.10307540752988	post-projection exploratory annotation: one-to-one ortholog, mouse high-confidence breadth >=3, expression-eligible, and direction-concordant in every BPD+PH-versus-BPD donor pairing within All Endothelial, gCap, and aCap	TINAGL1	6.31150961114199	1.58976904511092	0.539477451399743	aCap | PH2	7.2
BPD+PH 2	BPD+PH	aCap	ZFP36L2	6	TRUE	5.79632896419501	5.72634442926303	post-projection exploratory annotation: one-to-one ortholog, mouse high-confidence breadth >=3, expression-eligible, and direction-concordant in every BPD+PH-versus-BPD donor pairing within All Endothelial, gCap, and aCap	ZFP36L2	7.16877744721768	1.64612933226514	-0.833742802659451	aCap | PH2	5.8
BPD+PH 2	BPD+PH	aCap	ZMAT3	8	TRUE	6.1946294623787	6.12618115497568	post-projection exploratory annotation: one-to-one ortholog, mouse high-confidence breadth >=3, expression-eligible, and direction-concordant in every BPD+PH-versus-BPD donor pairing within All Endothelial, gCap, and aCap	ZMAT3	3.59743284190735	2.60191265428315	0.99818747420132	aCap | PH2	6.2
BPD 1	BPD	gCap	APLN	0	FALSE	-0.547612087878967	-0.681584195407886	post-projection exploratory annotation: one-to-one ortholog, mouse high-confidence breadth >=3, expression-eligible, and direction-concordant in every BPD+PH-versus-BPD donor pairing within All Endothelial, gCap, and aCap	APLN	4.03437994783013	4.09881393020016	-1.11788242007008	gCap | BPD1	-0.5
BPD 1	BPD	gCap	BAX	8	TRUE	4.86710562203613	5.01629808063025	post-projection exploratory annotation: one-to-one ortholog, mouse high-confidence breadth >=3, expression-eligible, and direction-concordant in every BPD+PH-versus-BPD donor pairing within All Endothelial, gCap, and aCap	BAX	6.41807329144802	1.87043116346741	-0.829203287298051	gCap | BPD1	4.9
BPD 1	BPD	gCap	CCN2	4	TRUE	3.90053594778725	4.04382711266305	post-projection exploratory annotation: one-to-one ortholog, mouse high-confidence breadth >=3, expression-eligible, and direction-concordant in every BPD+PH-versus-BPD donor pairing within All Endothelial, gCap, and aCap	CCN2	6.65460551508231	2.90061400295398	-0.949478132729939	gCap | BPD1	3.9
BPD 1	BPD	gCap	CCND1	72	TRUE	8.00665016963571	8.16130389604738	post-projection exploratory annotation: one-to-one ortholog, mouse high-confidence breadth >=3, expression-eligible, and direction-concordant in every BPD+PH-versus-BPD donor pairing within All Endothelial, gCap, and aCap	CCND1	8.79304663840677	0.892737258595532	-0.880882321421454	gCap | BPD1	8.0
BPD 1	BPD	gCap	CCNG1	5	TRUE	4.20918472519529	4.35480654970133	post-projection exploratory annotation: one-to-one ortholog, mouse high-confidence breadth >=3, expression-eligible, and direction-concordant in every BPD+PH-versus-BPD donor pairing within All Endothelial, gCap, and aCap	CCNG1	4.89387008883452	0.675264246543385	-1.01395174873255	gCap | BPD1	4.2
BPD 1	BPD	gCap	CDKN1A	9	TRUE	5.03326786963028	5.18313162101022	post-projection exploratory annotation: one-to-one ortholog, mouse high-confidence breadth >=3, expression-eligible, and direction-concordant in every BPD+PH-versus-BPD donor pairing within All Endothelial, gCap, and aCap	CDKN1A	6.6200758167618	1.20696833961287	-1.31470552710644	gCap | BPD1	5.0
BPD 1	BPD	gCap	COL18A1	11	TRUE	5.31728381171316	5.4681297088967	post-projection exploratory annotation: one-to-one ortholog, mouse high-confidence breadth >=3, expression-eligible, and direction-concordant in every BPD+PH-versus-BPD donor pairing within All Endothelial, gCap, and aCap	COL18A1	6.93662263177089	1.43516114963181	-1.12833239700864	gCap | BPD1	5.3
BPD 1	BPD	gCap	ECM1	0	FALSE	-0.547612087878967	-0.681584195407886	post-projection exploratory annotation: one-to-one ortholog, mouse high-confidence breadth >=3, expression-eligible, and direction-concordant in every BPD+PH-versus-BPD donor pairing within All Endothelial, gCap, and aCap	ECM1	1.66397911636824	2.61038585795843	-0.847227699117587	gCap | BPD1	-0.5
BPD 1	BPD	gCap	GDF15	3	TRUE	3.50736258169743	3.64685473251968	post-projection exploratory annotation: one-to-one ortholog, mouse high-confidence breadth >=3, expression-eligible, and direction-concordant in every BPD+PH-versus-BPD donor pairing within All Endothelial, gCap, and aCap	GDF15	5.1196678676931	4.51970591441627	-0.35672791914469	gCap | BPD1	3.5
BPD 1	BPD	gCap	LGALS1	19	TRUE	6.09531866489864	6.24804429450508	post-projection exploratory annotation: one-to-one ortholog, mouse high-confidence breadth >=3, expression-eligible, and direction-concordant in every BPD+PH-versus-BPD donor pairing within All Endothelial, gCap, and aCap	LGALS1	8.94875297823882	2.40476276795014	-1.18657621923035	gCap | BPD1	6.1
BPD 1	BPD	gCap	MAP1B	0	FALSE	-0.547612087878967	-0.681584195407886	post-projection exploratory annotation: one-to-one ortholog, mouse high-confidence breadth >=3, expression-eligible, and direction-concordant in every BPD+PH-versus-BPD donor pairing within All Endothelial, gCap, and aCap	MAP1B	2.90731173692671	3.99061712312711	-0.865761790271262	gCap | BPD1	-0.5
BPD 1	BPD	gCap	PHLDA3	1	TRUE	2.08631921777389	2.19880507432271	post-projection exploratory annotation: one-to-one ortholog, mouse high-confidence breadth >=3, expression-eligible, and direction-concordant in every BPD+PH-versus-BPD donor pairing within All Endothelial, gCap, and aCap	PHLDA3	4.1535241090684	2.1363186965799	-0.967648176559033	gCap | BPD1	2.1
BPD 1	BPD	gCap	RPS27L	17	TRUE	5.93655137118478	6.08897124052072	post-projection exploratory annotation: one-to-one ortholog, mouse high-confidence breadth >=3, expression-eligible, and direction-concordant in every BPD+PH-versus-BPD donor pairing within All Endothelial, gCap, and aCap	RPS27L	7.51876620966399	1.84787956470612	-0.856232661856856	gCap | BPD1	5.9
BPD 1	BPD	gCap	S100A6	137	TRUE	8.93293523589436	9.08791949824827	post-projection exploratory annotation: one-to-one ortholog, mouse high-confidence breadth >=3, expression-eligible, and direction-concordant in every BPD+PH-versus-BPD donor pairing within All Endothelial, gCap, and aCap	S100A6	11.2016713313056	2.43336196933222	-0.932346327428555	gCap | BPD1	8.9
BPD 1	BPD	gCap	TINAGL1	10	TRUE	5.18225367805236	5.33265676709085	post-projection exploratory annotation: one-to-one ortholog, mouse high-confidence breadth >=3, expression-eligible, and direction-concordant in every BPD+PH-versus-BPD donor pairing within All Endothelial, gCap, and aCap	TINAGL1	6.34269422541708	1.22418053160976	-0.947932529068055	gCap | BPD1	5.2
BPD 1	BPD	gCap	ZFP36L2	96	TRUE	8.42072789383382	8.57555569263905	post-projection exploratory annotation: one-to-one ortholog, mouse high-confidence breadth >=3, expression-eligible, and direction-concordant in every BPD+PH-versus-BPD donor pairing within All Endothelial, gCap, and aCap	ZFP36L2	7.49682104123402	1.49915749221379	0.616284051140939	gCap | BPD1	8.4
BPD 1	BPD	gCap	ZMAT3	4	TRUE	3.90053594778725	4.04382711266305	post-projection exploratory annotation: one-to-one ortholog, mouse high-confidence breadth >=3, expression-eligible, and direction-concordant in every BPD+PH-versus-BPD donor pairing within All Endothelial, gCap, and aCap	ZMAT3	4.7318844504929	1.48791902601856	-0.558732355839423	gCap | BPD1	3.9
BPD 2	BPD	gCap	APLN	1	TRUE	1.71046334898638	1.77144244623141	post-projection exploratory annotation: one-to-one ortholog, mouse high-confidence breadth >=3, expression-eligible, and direction-concordant in every BPD+PH-versus-BPD donor pairing within All Endothelial, gCap, and aCap	APLN	4.03437994783013	4.09881393020016	-0.566972943494965	gCap | BPD2	1.7
BPD 2	BPD	gCap	BAX	10	TRUE	4.7316843598462	4.83431630313249	post-projection exploratory annotation: one-to-one ortholog, mouse high-confidence breadth >=3, expression-eligible, and direction-concordant in every BPD+PH-versus-BPD donor pairing within All Endothelial, gCap, and aCap	BAX	6.41807329144802	1.87043116346741	-0.901604381139369	gCap | BPD2	4.7
BPD 2	BPD	gCap	CCN2	8	TRUE	4.41901376713571	4.52024923554865	post-projection exploratory annotation: one-to-one ortholog, mouse high-confidence breadth >=3, expression-eligible, and direction-concordant in every BPD+PH-versus-BPD donor pairing within All Endothelial, gCap, and aCap	CCN2	6.65460551508231	2.90061400295398	-0.770730523147815	gCap | BPD2	4.4
BPD 2	BPD	gCap	CCND1	101	TRUE	8.03410242339139	8.14190811462598	post-projection exploratory annotation: one-to-one ortholog, mouse high-confidence breadth >=3, expression-eligible, and direction-concordant in every BPD+PH-versus-BPD donor pairing within All Endothelial, gCap, and aCap	CCND1	8.79304663840677	0.892737258595532	-0.85013166831343	gCap | BPD2	8.0
BPD 2	BPD	gCap	CCNG1	8	TRUE	4.41901376713571	4.52024923554865	post-projection exploratory annotation: one-to-one ortholog, mouse high-confidence breadth >=3, expression-eligible, and direction-concordant in every BPD+PH-versus-BPD donor pairing within All Endothelial, gCap, and aCap	CCNG1	4.89387008883452	0.675264246543385	-0.703215554695151	gCap | BPD2	4.4
BPD 2	BPD	gCap	CDKN1A	31	TRUE	6.33856500383119	6.4450658452388	post-projection exploratory annotation: one-to-one ortholog, mouse high-confidence breadth >=3, expression-eligible, and direction-concordant in every BPD+PH-versus-BPD donor pairing within All Endothelial, gCap, and aCap	CDKN1A	6.6200758167618	1.20696833961287	-0.233237943110344	gCap | BPD2	6.3
BPD 2	BPD	gCap	COL18A1	27	TRUE	6.14106192675003	6.24728567705804	post-projection exploratory annotation: one-to-one ortholog, mouse high-confidence breadth >=3, expression-eligible, and direction-concordant in every BPD+PH-versus-BPD donor pairing within All Endothelial, gCap, and aCap	COL18A1	6.93662263177089	1.43516114963181	-0.554335452311373	gCap | BPD2	6.1
BPD 2	BPD	gCap	ECM1	0	FALSE	-0.547612087878967	-0.681584195407886	post-projection exploratory annotation: one-to-one ortholog, mouse high-confidence breadth >=3, expression-eligible, and direction-concordant in every BPD+PH-versus-BPD donor pairing within All Endothelial, gCap, and aCap	ECM1	1.66397911636824	2.61038585795843	-0.847227699117587	gCap | BPD2	-0.5
BPD 2	BPD	gCap	GDF15	0	FALSE	-0.547612087878967	-0.681584195407886	post-projection exploratory annotation: one-to-one ortholog, mouse high-confidence breadth >=3, expression-eligible, and direction-concordant in every BPD+PH-versus-BPD donor pairing within All Endothelial, gCap, and aCap	GDF15	5.1196678676931	4.51970591441627	-1.2539045820427	gCap | BPD2	-0.5
BPD 2	BPD	gCap	LGALS1	87	TRUE	7.81944024957792	7.92715248198217	post-projection exploratory annotation: one-to-one ortholog, mouse high-confidence breadth >=3, expression-eligible, and direction-concordant in every BPD+PH-versus-BPD donor pairing within All Endothelial, gCap, and aCap	LGALS1	8.94875297823882	2.40476276795014	-0.469615025528502	gCap | BPD2	7.8
BPD 2	BPD	gCap	MAP1B	0	FALSE	-0.547612087878967	-0.681584195407886	post-projection exploratory annotation: one-to-one ortholog, mouse high-confidence breadth >=3, expression-eligible, and direction-concordant in every BPD+PH-versus-BPD donor pairing within All Endothelial, gCap, and aCap	MAP1B	2.90731173692671	3.99061712312711	-0.865761790271262	gCap | BPD2	-0.5
BPD 2	BPD	gCap	PHLDA3	2	TRUE	2.55118787085626	2.63329685804852	post-projection exploratory annotation: one-to-one ortholog, mouse high-confidence breadth >=3, expression-eligible, and direction-concordant in every BPD+PH-versus-BPD donor pairing within All Endothelial, gCap, and aCap	PHLDA3	4.1535241090684	2.1363186965799	-0.750045506214672	gCap | BPD2	2.6
BPD 2	BPD	gCap	RPS27L	23	TRUE	5.91216662165537	6.01801791247207	post-projection exploratory annotation: one-to-one ortholog, mouse high-confidence breadth >=3, expression-eligible, and direction-concordant in every BPD+PH-versus-BPD donor pairing within All Endothelial, gCap, and aCap	RPS27L	7.51876620966399	1.84787956470612	-0.869428732637198	gCap | BPD2	5.9
BPD 2	BPD	gCap	S100A6	237	TRUE	9.26247178445791	9.37061134086523	post-projection exploratory annotation: one-to-one ortholog, mouse high-confidence breadth >=3, expression-eligible, and direction-concordant in every BPD+PH-versus-BPD donor pairing within All Endothelial, gCap, and aCap	S100A6	11.2016713313056	2.43336196933222	-0.796921942270607	gCap | BPD2	9.3
BPD 2	BPD	gCap	TINAGL1	16	TRUE	5.39575766782837	5.50051576618979	post-projection exploratory annotation: one-to-one ortholog, mouse high-confidence breadth >=3, expression-eligible, and direction-concordant in every BPD+PH-versus-BPD donor pairing within All Endothelial, gCap, and aCap	TINAGL1	6.34269422541708	1.22418053160976	-0.773526888508441	gCap | BPD2	5.4
BPD 2	BPD	gCap	ZFP36L2	212	TRUE	9.10183849511604	9.20994877592442	post-projection exploratory annotation: one-to-one ortholog, mouse high-confidence breadth >=3, expression-eligible, and direction-concordant in every BPD+PH-versus-BPD donor pairing within All Endothelial, gCap, and aCap	ZFP36L2	7.49682104123402	1.49915749221379	1.07061296909634	gCap | BPD2	9.1
BPD 2	BPD	gCap	ZMAT3	3	TRUE	3.07889572617788	3.16910614183807	post-projection exploratory annotation: one-to-one ortholog, mouse high-confidence breadth >=3, expression-eligible, and direction-concordant in every BPD+PH-versus-BPD donor pairing within All Endothelial, gCap, and aCap	ZMAT3	4.7318844504929	1.48791902601856	-1.11093997415851	gCap | BPD2	3.1
BPD+PH 1	BPD+PH	gCap	APLN	280	TRUE	7.2046679466941	6.97266897982604	post-projection exploratory annotation: one-to-one ortholog, mouse high-confidence breadth >=3, expression-eligible, and direction-concordant in every BPD+PH-versus-BPD donor pairing within All Endothelial, gCap, and aCap	APLN	4.03437994783013	4.09881393020016	0.773464727321534	gCap | PH1	7.2
BPD+PH 1	BPD+PH	gCap	BAX	481	TRUE	7.98247917466719	7.7502832208377	post-projection exploratory annotation: one-to-one ortholog, mouse high-confidence breadth >=3, expression-eligible, and direction-concordant in every BPD+PH-versus-BPD donor pairing within All Endothelial, gCap, and aCap	BAX	6.41807329144802	1.87043116346741	0.836387841356893	gCap | PH1	8.0
BPD+PH 1	BPD+PH	gCap	CCN2	864	TRUE	8.82574255444595	8.59342456232079	post-projection exploratory annotation: one-to-one ortholog, mouse high-confidence breadth >=3, expression-eligible, and direction-concordant in every BPD+PH-versus-BPD donor pairing within All Endothelial, gCap, and aCap	CCN2	6.65460551508231	2.90061400295398	0.748509466324222	gCap | PH1	8.8
BPD+PH 1	BPD+PH	gCap	CCND1	1409	TRUE	9.53046930966532	9.29809192529996	post-projection exploratory annotation: one-to-one ortholog, mouse high-confidence breadth >=3, expression-eligible, and direction-concordant in every BPD+PH-versus-BPD donor pairing within All Endothelial, gCap, and aCap	CCND1	8.79304663840677	0.892737258595532	0.826024302400772	gCap | PH1	9.5
BPD+PH 1	BPD+PH	gCap	CCNG1	85	TRUE	5.50004523533849	5.26911378049938	post-projection exploratory annotation: one-to-one ortholog, mouse high-confidence breadth >=3, expression-eligible, and direction-concordant in every BPD+PH-versus-BPD donor pairing within All Endothelial, gCap, and aCap	CCNG1	4.89387008883452	0.675264246543385	0.897685831297784	gCap | PH1	5.5
BPD+PH 1	BPD+PH	gCap	CDKN1A	329	TRUE	7.43633179351956	7.20426270935672	post-projection exploratory annotation: one-to-one ortholog, mouse high-confidence breadth >=3, expression-eligible, and direction-concordant in every BPD+PH-versus-BPD donor pairing within All Endothelial, gCap, and aCap	CDKN1A	6.6200758167618	1.20696833961287	0.676286154299267	gCap | PH1	7.4
BPD+PH 1	BPD+PH	gCap	COL18A1	515	TRUE	8.08075703832978	7.8485429283559	post-projection exploratory annotation: one-to-one ortholog, mouse high-confidence breadth >=3, expression-eligible, and direction-concordant in every BPD+PH-versus-BPD donor pairing within All Endothelial, gCap, and aCap	COL18A1	6.93662263177089	1.43516114963181	0.797216679710443	gCap | PH1	8.1
BPD+PH 1	BPD+PH	gCap	ECM1	43	TRUE	4.53806574077835	4.30859288013662	post-projection exploratory annotation: one-to-one ortholog, mouse high-confidence breadth >=3, expression-eligible, and direction-concordant in every BPD+PH-versus-BPD donor pairing within All Endothelial, gCap, and aCap	ECM1	1.66397911636824	2.61038585795843	1.10101984181676	gCap | PH1	4.5
BPD+PH 1	BPD+PH	gCap	GDF15	725	TRUE	8.57310922912442	8.34082064928248	post-projection exploratory annotation: one-to-one ortholog, mouse high-confidence breadth >=3, expression-eligible, and direction-concordant in every BPD+PH-versus-BPD donor pairing within All Endothelial, gCap, and aCap	GDF15	5.1196678676931	4.51970591441627	0.764085413260199	gCap | PH1	8.6
BPD+PH 1	BPD+PH	gCap	LGALS1	3762	TRUE	10.9464625236577	10.7140261772358	post-projection exploratory annotation: one-to-one ortholog, mouse high-confidence breadth >=3, expression-eligible, and direction-concordant in every BPD+PH-versus-BPD donor pairing within All Endothelial, gCap, and aCap	LGALS1	8.94875297823882	2.40476276795014	0.830730403865063	gCap | PH1	10.9
BPD+PH 1	BPD+PH	gCap	MAP1B	143	TRUE	6.24165254189499	6.01010222313989	post-projection exploratory annotation: one-to-one ortholog, mouse high-confidence breadth >=3, expression-eligible, and direction-concordant in every BPD+PH-versus-BPD donor pairing within All Endothelial, gCap, and aCap	MAP1B	2.90731173692671	3.99061712312711	0.835545155571185	gCap | PH1	6.2
BPD+PH 1	BPD+PH	gCap	PHLDA3	101	TRUE	5.74540664754181	5.51423441562192	post-projection exploratory annotation: one-to-one ortholog, mouse high-confidence breadth >=3, expression-eligible, and direction-concordant in every BPD+PH-versus-BPD donor pairing within All Endothelial, gCap, and aCap	PHLDA3	4.1535241090684	2.1363186965799	0.745152182126156	gCap | PH1	5.7
BPD+PH 1	BPD+PH	gCap	RPS27L	922	TRUE	8.91934114696586	8.68701350052226	post-projection exploratory annotation: one-to-one ortholog, mouse high-confidence breadth >=3, expression-eligible, and direction-concordant in every BPD+PH-versus-BPD donor pairing within All Endothelial, gCap, and aCap	RPS27L	7.51876620966399	1.84787956470612	0.757936266005853	gCap | PH1	8.9
BPD+PH 1	BPD+PH	gCap	S100A6	18819	TRUE	13.2686805028049	13.0362158822969	post-projection exploratory annotation: one-to-one ortholog, mouse high-confidence breadth >=3, expression-eligible, and direction-concordant in every BPD+PH-versus-BPD donor pairing within All Endothelial, gCap, and aCap	S100A6	11.2016713313056	2.43336196933222	0.849445827439548	gCap | PH1	13.3
BPD+PH 1	BPD+PH	gCap	TINAGL1	293	TRUE	7.26984487327613	7.03782502871204	post-projection exploratory annotation: one-to-one ortholog, mouse high-confidence breadth >=3, expression-eligible, and direction-concordant in every BPD+PH-versus-BPD donor pairing within All Endothelial, gCap, and aCap	TINAGL1	6.34269422541708	1.22418053160976	0.75736431344801	gCap | PH1	7.3
BPD+PH 1	BPD+PH	gCap	ZFP36L2	168	TRUE	6.47215628776851	6.24046995419876	post-projection exploratory annotation: one-to-one ortholog, mouse high-confidence breadth >=3, expression-eligible, and direction-concordant in every BPD+PH-versus-BPD donor pairing within All Endothelial, gCap, and aCap	ZFP36L2	7.49682104123402	1.49915749221379	-0.683493734839289	gCap | PH1	6.5
BPD+PH 1	BPD+PH	gCap	ZMAT3	99	TRUE	5.71692342790486	5.48577709424931	post-projection exploratory annotation: one-to-one ortholog, mouse high-confidence breadth >=3, expression-eligible, and direction-concordant in every BPD+PH-versus-BPD donor pairing within All Endothelial, gCap, and aCap	ZMAT3	4.7318844504929	1.48791902601856	0.662024586141469	gCap | PH1	5.7
BPD+PH 2	BPD+PH	gCap	APLN	76	TRUE	7.77000058351901	7.73842283269217	post-projection exploratory annotation: one-to-one ortholog, mouse high-confidence breadth >=3, expression-eligible, and direction-concordant in every BPD+PH-versus-BPD donor pairing within All Endothelial, gCap, and aCap	APLN	4.03437994783013	4.09881393020016	0.911390636243509	gCap | PH2	7.8
BPD+PH 2	BPD+PH	gCap	BAX	95	TRUE	8.09102400924257	8.05950825922747	post-projection exploratory annotation: one-to-one ortholog, mouse high-confidence breadth >=3, expression-eligible, and direction-concordant in every BPD+PH-versus-BPD donor pairing within All Endothelial, gCap, and aCap	BAX	6.41807329144802	1.87043116346741	0.894419827080527	gCap | PH2	8.1
BPD+PH 2	BPD+PH	gCap	CCN2	248	TRUE	9.47312979096031	9.44176736483109	post-projection exploratory annotation: one-to-one ortholog, mouse high-confidence breadth >=3, expression-eligible, and direction-concordant in every BPD+PH-versus-BPD donor pairing within All Endothelial, gCap, and aCap	CCN2	6.65460551508231	2.90061400295398	0.971699189553532	gCap | PH2	9.5
BPD+PH 2	BPD+PH	gCap	CCND1	271	TRUE	9.60096465093465	9.56961031733887	post-projection exploratory annotation: one-to-one ortholog, mouse high-confidence breadth >=3, expression-eligible, and direction-concordant in every BPD+PH-versus-BPD donor pairing within All Endothelial, gCap, and aCap	CCND1	8.79304663840677	0.892737258595532	0.904989687334111	gCap | PH2	9.6
BPD+PH 2	BPD+PH	gCap	CCNG1	15	TRUE	5.44723662766859	5.41441427751131	post-projection exploratory annotation: one-to-one ortholog, mouse high-confidence breadth >=3, expression-eligible, and direction-concordant in every BPD+PH-versus-BPD donor pairing within All Endothelial, gCap, and aCap	CCNG1	4.89387008883452	0.675264246543385	0.819481472129914	gCap | PH2	5.4
BPD+PH 2	BPD+PH	gCap	CDKN1A	71	TRUE	7.67213860006618	7.64053903583412	post-projection exploratory annotation: one-to-one ortholog, mouse high-confidence breadth >=3, expression-eligible, and direction-concordant in every BPD+PH-versus-BPD donor pairing within All Endothelial, gCap, and aCap	CDKN1A	6.6200758167618	1.20696833961287	0.87165731591752	gCap | PH2	7.7
BPD+PH 2	BPD+PH	gCap	COL18A1	103	TRUE	8.20738775029058	8.17589127796009	post-projection exploratory annotation: one-to-one ortholog, mouse high-confidence breadth >=3, expression-eligible, and direction-concordant in every BPD+PH-versus-BPD donor pairing within All Endothelial, gCap, and aCap	COL18A1	6.93662263177089	1.43516114963181	0.885451169609565	gCap | PH2	8.2
BPD+PH 2	BPD+PH	gCap	ECM1	3	TRUE	3.21307490045255	3.17447546359887	post-projection exploratory annotation: one-to-one ortholog, mouse high-confidence breadth >=3, expression-eligible, and direction-concordant in every BPD+PH-versus-BPD donor pairing within All Endothelial, gCap, and aCap	ECM1	1.66397911636824	2.61038585795843	0.59343555641841	gCap | PH2	3.2
BPD+PH 2	BPD+PH	gCap	GDF15	172	TRUE	8.9458117478295	8.91440721041557	post-projection exploratory annotation: one-to-one ortholog, mouse high-confidence breadth >=3, expression-eligible, and direction-concordant in every BPD+PH-versus-BPD donor pairing within All Endothelial, gCap, and aCap	GDF15	5.1196678676931	4.51970591441627	0.846547087927192	gCap | PH2	8.9
BPD+PH 2	BPD+PH	gCap	LGALS1	683	TRUE	10.933790474821	10.9024888086468	post-projection exploratory annotation: one-to-one ortholog, mouse high-confidence breadth >=3, expression-eligible, and direction-concordant in every BPD+PH-versus-BPD donor pairing within All Endothelial, gCap, and aCap	LGALS1	8.94875297823882	2.40476276795014	0.825460840893784	gCap | PH2	10.9
BPD+PH 2	BPD+PH	gCap	MAP1B	31	TRUE	6.4828185815698	6.45079306477016	post-projection exploratory annotation: one-to-one ortholog, mouse high-confidence breadth >=3, expression-eligible, and direction-concordant in every BPD+PH-versus-BPD donor pairing within All Endothelial, gCap, and aCap	MAP1B	2.90731173692671	3.99061712312711	0.89597842497134	gCap | PH2	6.5
BPD+PH 2	BPD+PH	gCap	PHLDA3	26	TRUE	6.23118270010162	6.19901259669112	post-projection exploratory annotation: one-to-one ortholog, mouse high-confidence breadth >=3, expression-eligible, and direction-concordant in every BPD+PH-versus-BPD donor pairing within All Endothelial, gCap, and aCap	PHLDA3	4.1535241090684	2.1363186965799	0.972541500647548	gCap | PH2	6.2
BPD+PH 2	BPD+PH	gCap	RPS27L	221	TRUE	9.30700569884993	9.27563162572638	post-projection exploratory annotation: one-to-one ortholog, mouse high-confidence breadth >=3, expression-eligible, and direction-concordant in every BPD+PH-versus-BPD donor pairing within All Endothelial, gCap, and aCap	RPS27L	7.51876620966399	1.84787956470612	0.9677251284882	gCap | PH2	9.3
BPD+PH 2	BPD+PH	gCap	S100A6	3628	TRUE	13.3425978020651	13.3113242791357	post-projection exploratory annotation: one-to-one ortholog, mouse high-confidence breadth >=3, expression-eligible, and direction-concordant in every BPD+PH-versus-BPD donor pairing within All Endothelial, gCap, and aCap	S100A6	11.2016713313056	2.43336196933222	0.879822442259614	gCap | PH2	13.3
BPD+PH 2	BPD+PH	gCap	TINAGL1	64	TRUE	7.52292068251146	7.49128487406399	post-projection exploratory annotation: one-to-one ortholog, mouse high-confidence breadth >=3, expression-eligible, and direction-concordant in every BPD+PH-versus-BPD donor pairing within All Endothelial, gCap, and aCap	TINAGL1	6.34269422541708	1.22418053160976	0.964095104128485	gCap | PH2	7.5
BPD+PH 2	BPD+PH	gCap	ZFP36L2	22	TRUE	5.99256148821769	5.96022888742228	post-projection exploratory annotation: one-to-one ortholog, mouse high-confidence breadth >=3, expression-eligible, and direction-concordant in every BPD+PH-versus-BPD donor pairing within All Endothelial, gCap, and aCap	ZFP36L2	7.49682104123402	1.49915749221379	-1.00340328539799	gCap | PH2	6.0
BPD+PH 2	BPD+PH	gCap	ZMAT3	26	TRUE	6.23118270010162	6.19901259669112	post-projection exploratory annotation: one-to-one ortholog, mouse high-confidence breadth >=3, expression-eligible, and direction-concordant in every BPD+PH-versus-BPD donor pairing within All Endothelial, gCap, and aCap	ZMAT3	4.7318844504929	1.48791902601856	1.00764774385647	gCap | PH2	6.2
